POSTE;DATE;RR;QRR;DRR;QDRR;TN;QTN;HTN;QHTN;TX;QTX;HTX;QHTX;TM;QTM;TMNX;QTMNX;TNSOL;QTNSOL;TN50;QTN50;DG;QDG;TAMPLI;QTAMPLI;TNTXM;QTNTXM;PMERM;QPMERM;PMERMIN;QPMERMIN;FFM;QFFM;FXI;QFXI;DXI;QDXI;HXI;QHXI;FXY;QFXY;DXY;QDXY;HXY;QHXY;FF2M;QFF2M;FXI2;QFXI2;DXI2;QDXI2;HXI2;QHXI2;FXI3S;QFXI3S;DXI3S;QDXI3S;HXI3S;QHXI3S;UN;QUN;HUN;QHUN;UX;QUX;HUX;QHUX;DHUMI40;QDHUMI40;DHUMI80;QDHUMI80;TSVM;QTSVM;DHUMEC;QDHUMEC;UM;QUM;INST;QINST;GLOT;QGLOT;DIFT;QDIFT;DIRT;QDIRT;SIGMA;QSIGMA;INFRART;QINFRART;UV_INDICEX;QUV_INDICEX;NB300;QNB300;BA300;QBA300;NEIG;QNEIG;BROU;QBROU;ORAG;QORAG;GRESIL;QGRESIL;GRELE;QGRELE;ROSEE;QROSEE;VERGLAS;QVERGLAS;SOLNEIGE;QSOLNEIGE;GELEE;QGELEE;FUMEE;QFUMEE;BRUME;QBRUME;ECLAIR;QECLAIR;ETPMON;QETPMON;ETPGRILLE;QETPGRILLE;UV;QUV;TMERMAX;QTMERMAX;TMERMIN;QTMERMIN;HNEIGEF;QHNEIGEF;NEIGETOTX;QNEIGETOTX;NEIGETOT06;QNEIGETOT06
13054001;19800101;0,0;1;;;2,4;1;;;7,0;1;;;4,4;1;4,70;1;-0,5;1;0,6;1;;;4,6;1;4,7;1;1011,2;1;;;6,5;1;13,0;1;300;1;;;10,0;1;300;1;;;;;;;;;;;;;;;;;45;1;;;71;1;;;;;;;4,8;1;;;57;1;306;1;617;1;279;1;;;57;1;;;;;;;;;0;1;0;1;0;1;0;1;0;1;;;;;;;;;;;;;;;1,7;1;1,8;9;;;;;;;;;;;;
13054001;19800102;0,0;1;;;3,0;1;;;5,2;1;;;4,1;1;4,10;1;0,9;1;1,8;1;;;2,2;1;4,1;1;1014,9;1;;;13,1;1;23,0;1;320;1;;;18,0;1;320;1;;;;;;;;;;;;;;;;;46;1;;;74;1;;;;;;;4,8;1;;;59;1;510;1;777;1;139;1;;;95;1;;;;;;;;;0;1;0;1;0;1;0;1;0;1;;;;;;;;;;;;;;;2,1;1;2,0;9;;;;;;;;;;;;
13054001;19800103;0,0;1;;;1,6;1;;;5,7;1;;;3,4;1;3,65;1;-2,0;1;-0,9;1;;;4,1;1;3,7;1;1022,4;1;;;10,8;1;19,0;1;320;1;;;15,0;1;320;1;;;;;;;;;;;;;;;;;48;1;;;65;1;;;;;;;4,4;1;;;56;1;498;1;746;1;174;1;;;93;1;;;;;;;;;0;1;0;1;0;1;0;1;0;1;;;;;;;;;;;;;;;2,1;1;2,0;9;;;;;;;;;;;;
13054001;19800104;0,0;1;;;-0,6;1;;;11,4;1;;;4,0;1;5,40;1;-4,2;1;-3,0;1;;;12,0;1;5,4;1;1019,6;1;;;1,3;1;8,0;1;340;1;;;7,0;1;340;1;;;;;;;;;;;;;;;;;47;1;;;82;1;;;;;;;5,6;1;;;67;1;450;1;713;1;149;1;;;84;1;;;;;;;;;0;1;0;1;0;1;0;1;0;1;;;;;;;;;;;;;;;0,6;1;0,9;9;;;;;;;;;;;;
13054001;19800105;3,0;1;;;3,0;1;;;8,3;1;;;5,6;1;5,65;1;-1,9;1;0,0;1;;;5,3;1;5,7;1;1015,7;1;;;3,0;1;8,0;1;300;1;;;7,0;1;300;1;;;;;;;;;;;;;;;;;70;1;;;94;1;;;;;;;7,4;1;;;84;1;180;1;316;1;205;1;;;33;1;;;;;;;;;0;1;0;1;0;1;0;1;0;1;;;;;;;;;;;;;;;0,7;1;0,8;9;;;;;;;;;;;;
13054001;19800106;0,0;1;;;2,7;1;;;10,7;1;;;6,4;1;6,70;1;-1,7;1;-0,3;1;;;8,0;1;6,7;1;1016,6;1;;;6,4;1;12,0;1;320;1;;;10,0;1;320;1;;;;;;;;;;;;;;;;;48;1;;;84;1;;;;;;;6,2;1;;;74;1;468;1;761;1;147;1;;;87;1;;;;;;;;;0;1;0;1;0;1;0;1;0;1;;;;;;;;;;;;;;;1,7;1;1,7;9;;;;;;;;;;;;
13054001;19800107;0,0;1;;;3,3;1;;;10,2;1;;;6,1;1;6,75;1;-0,9;1;0,2;1;;;6,9;1;6,8;1;1016,7;1;;;4,9;1;11,0;1;300;1;;;9,0;1;300;1;;;;;;;;;;;;;;;;;54;1;;;84;1;;;;;;;6,6;1;;;70;1;468;1;712;1;215;1;;;87;1;;;;;;;;;0;1;0;1;0;1;0;1;0;1;;;;;;;;;;;;;;;1,3;1;1,5;9;;;;;;;;;;;;
13054001;19800108;0,0;1;;;0,6;1;;;9,4;1;;;5,3;1;5,00;1;-3,6;1;-2,1;1;;;8,8;1;5,0;1;1018,2;1;;;1,9;1;7,0;1;80;1;;;6,0;1;80;1;;;;;;;;;;;;;;;;;47;1;;;82;1;;;;;;;5,4;1;;;70;1;174;1;518;1;367;1;;;32;1;;;;;;;;;0;1;0;1;0;1;0;1;0;1;;;;;;;;;;;;;;;0,9;1;1,1;9;;;;;;;;;;;;
13054001;19800109;0,0;1;;;6,0;1;;;11,7;1;;;8,5;1;8,85;1;0,8;1;2,8;1;;;5,7;1;8,9;1;1018,2;1;;;3,0;1;9,0;1;80;1;;;7,0;1;80;1;;;;;;;;;;;;;;;;;59;1;;;82;1;;;;;;;7,9;1;;;71;1;144;1;397;1;290;1;;;26;1;;;;;;;;;0;1;0;1;0;1;0;1;0;1;;;;;;;;;;;;;;;1,1;1;1,1;9;;;;;;;;;;;;
13054001;19800110;0,0;1;;;5,8;1;;;11,7;1;;;8,3;1;8,75;1;0,4;1;2,4;1;;;5,9;1;8,8;1;1017,2;1;;;3,3;1;9,0;1;80;1;;;7,0;1;80;1;;;;;;;;;;;;;;;;;55;1;;;87;1;;;;;;;7,8;1;;;73;1;84;1;490;1;434;1;;;15;1;;;;;;;;;0;1;0;1;0;1;0;1;0;1;;;;;;;;;;;;;;;1,2;1;1,2;9;;;;;;;;;;;;
13054001;19800111;0,0;1;;;2,2;1;;;4,4;1;;;3,5;1;3,30;1;0,5;1;1,2;1;;;2,2;1;3,3;1;1019,7;1;;;6,9;1;14,0;1;340;1;;;12,0;1;340;1;;;;;;;;;;;;;;;;;57;1;;;90;1;;;;;;;5,6;1;;;64;1;18;1;270;1;254;1;;;3;1;;;;;;;;;0;1;0;1;0;1;0;1;0;1;;;;;;;;;;;;;;;1,2;1;1,3;9;;;;;;;;;;;;
13054001;19800112;0,0;1;;;-0,6;1;;;3,1;1;;;1,0;1;1,25;1;-5,2;1;-3,3;1;;;3,7;1;1,3;1;1022,6;1;;;4,4;1;8,0;1;360;1;;;7,0;1;20;1;;;;;;;;;;;;;;;;;56;1;;;74;1;;;;;;;4,3;1;;;63;1;30;1;326;1;297;1;;;5;1;;;;;;;;;1;1;0;1;0;1;0;1;0;1;;;;;;;;;;;;;;;1,1;1;1,2;9;;;;;;;;;;;;
13054001;19800113;0,2;1;;;-0,1;1;;;7,8;1;;;2,9;1;3,85;1;-4,2;1;-3,0;1;;;7,9;1;3,9;1;1026,1;1;;;2,3;1;5,0;1;360;1;;;4,0;1;360;1;;;;;;;;;;;;;;;;;49;1;;;79;1;;;;;;;5,0;1;;;68;1;324;1;668;1;384;1;;;59;1;;;;;;;;;0;1;0;1;0;1;0;1;0;1;;;;;;;;;;;;;;;0,9;1;1,1;9;;;;;;;;;;;;
13054001;19800114;3,2;1;;;1,0;1;;;10,3;1;;;5,9;1;5,65;1;-3,2;1;-1,8;1;;;9,3;1;5,7;1;1018,5;1;;;2,8;1;14,0;1;80;1;;;11,0;1;80;1;;;;;;;;;;;;;;;;;60;1;;;82;1;;;;;;;6,5;1;;;74;1;0;1;230;1;219;1;;;0;1;;;;;;;;;0;1;0;1;0;1;0;1;0;1;;;;;;;;;;;;;;;1,1;1;1,3;9;;;;;;;;;;;;
13054001;19800115;5,8;1;;;3,6;1;;;5,2;1;;;4,9;1;4,40;1;2,0;1;2,5;1;;;1,6;1;4,4;1;1002,2;1;;;2,9;1;8,0;1;360;1;;;6,0;1;360;1;;;;;;;;;;;;;;;;;70;1;;;92;1;;;;;;;6,7;1;;;83;1;0;1;106;1;99;1;;;0;1;;;;;;;;;0;1;0;1;0;1;0;1;0;1;;;;;;;;;;;;;;;0,7;1;0,8;9;;;;;;;;;;;;
13054001;19800116;0,0;1;;;1,6;1;;;5,6;1;;;3,4;1;3,60;1;-0,4;1;0,4;1;;;4,0;1;3,6;1;1001,7;1;;;3,4;1;9,0;1;320;1;;;8,0;1;320;1;;;;;;;;;;;;;;;;;55;1;;;78;1;;;;;;;5,2;1;;;66;1;108;1;422;1;333;1;;;19;1;;;;;;;;;0;1;0;1;0;1;0;1;0;1;;;;;;;;;;;;;;;1,1;1;1,1;9;;;;;;;;;;;;
13054001;19800117;1,0;1;;;1,7;1;;;9,8;1;;;5,4;1;5,75;1;-2,0;1;-1,0;1;;;8,1;1;5,8;1;1006,8;1;;;3,6;1;12,0;1;60;1;;;10,0;1;60;1;;;;;;;;;;;;;;;;;68;1;;;85;1;;;;;;;7,1;1;;;78;1;36;1;248;1;221;1;;;6;1;;;;;;;;;0;1;0;1;0;1;0;1;0;1;;;;;;;;;;;;;;;1,0;1;1,1;9;;;;;;;;;;;;
13054001;19800118;1,6;1;;;6,9;1;;;13,4;1;;;10,2;1;10,15;1;4,8;1;5,4;1;;;6,5;1;10,2;1;1006,9;1;;;6,3;1;17,0;1;80;1;;;14,0;1;80;1;;;;;;;;;;;;;;;;;44;1;;;70;1;;;;;;;6,9;1;;;57;1;126;1;534;1;385;1;;;22;1;;;;;;;;;0;1;0;1;0;1;0;1;0;1;;;;;;;;;;;;;;;2,5;1;2,5;9;;;;;;;;;;;;
13054001;19800119;5,4;1;;;6,7;1;;;9,2;1;;;8,2;1;7,95;1;5,3;1;5,7;1;;;2,5;1;8,0;1;1008,8;1;;;5,1;1;17,0;1;80;1;;;13,0;1;80;1;;;;;;;;;;;;;;;;;58;1;;;95;1;;;;;;;8,0;1;;;85;1;30;1;228;1;211;1;;;5;1;;;;;;;;;0;1;0;1;0;1;0;1;0;1;;;;;;;;;;;;;;;1,2;1;1,3;9;;;;;;;;;;;;
13054001;19800120;0,0;1;;;2,0;1;;;11,5;1;;;6,0;1;6,75;1;-1,1;1;0,0;1;;;9,5;1;6,8;1;1013,6;1;;;1,0;1;4,0;1;120;1;;;3,0;1;120;1;;;;;;;;;;;;;;;;;71;1;;;97;1;;;;;;;8,2;1;;;89;1;120;1;548;1;387;1;;;21;1;;;;;;;;;0;1;0;1;0;1;0;1;0;1;;;;;;;;;;;;;;;0,5;1;0,7;9;;;;;;;;;;;;
13054001;19800121;0,0;1;;;-0,4;1;;;12,2;1;;;5,6;1;5,90;1;-4,6;1;-3,1;1;;;12,6;1;5,9;1;1017,2;1;;;3,4;1;11,0;1;120;1;;;8,0;1;120;1;;;;;;;;;;;;;;;;;62;1;;;97;1;;;;;;;7,3;1;;;81;1;180;1;523;1;323;1;;;32;1;;;;;;;;;0;1;0;1;0;1;0;1;0;1;;;;;;;;;;;;;;;1,1;1;1,2;9;;;;;;;;;;;;
13054001;19800122;0,0;1;;;9,1;1;;;13,8;1;;;10,7;1;11,45;1;6,6;1;6,4;1;;;4,7;1;11,5;1;1012,3;1;;;5,6;1;12,0;1;80;1;;;9,0;1;80;1;;;;;;;;;;;;;;;;;70;1;;;95;1;;;;;;;11,0;1;;;85;1;24;1;436;1;402;1;;;4;1;;;;;;;;;0;1;0;1;0;1;0;1;0;1;;;;;;;;;;;;;;;1,2;1;1,4;9;;;;;;;;;;;;
13054001;19800123;0,6;1;;;4,6;1;;;12,5;1;;;9,4;1;8,55;1;0,1;1;1,3;1;;;7,9;1;8,6;1;1011,8;1;;;3,1;1;14,0;1;340;1;;;10,0;1;340;1;;;;;;;;;;;;;;;;;56;1;;;96;1;;;;;;;8,1;1;;;79;1;228;1;617;1;345;1;;;40;1;;;;;;;;;0;1;0;1;0;1;0;1;0;1;;;;;;;;;;;;;;;1,1;1;1,3;9;;;;;;;;;;;;
13054001;19800124;0,2;1;;;8,4;1;;;13,8;1;;;10,8;1;11,10;1;5,9;1;6,8;1;;;5,4;1;11,1;1;1009,8;1;;;2,4;1;10,0;1;100;1;;;8,0;1;100;1;;;;;;;;;;;;;;;;;77;1;;;98;1;;;;;;;11,5;1;;;91;1;132;1;458;1;363;1;;;23;1;;;;;;;;;0;1;0;1;0;1;0;1;0;1;;;;;;;;;;;;;;;0,8;1;0,9;9;;;;;;;;;;;;
13054001;19800125;0,0;1;;;7,0;1;;;13,2;1;;;10,0;1;10,10;1;2,5;1;4,0;1;;;6,2;1;10,1;1;1014,7;1;;;4,4;1;13,0;1;340;1;;;11,0;1;340;1;;;;;;;;;;;;;;;;;50;1;;;94;1;;;;;;;8,5;1;;;72;1;474;1;833;1;209;1;;;83;1;;;;;;;;;0;1;0;1;0;1;0;1;0;1;;;;;;;;;;;;;;;1,5;1;1,8;9;;;;;;;;;;;;
13054001;19800126;0,0;1;;;6,0;1;;;10,9;1;;;7,5;1;8,45;1;2,2;1;3,7;1;;;4,9;1;8,5;1;1015,8;1;;;5,5;1;16,0;1;320;1;;;14,0;1;320;1;;;;;;;;;;;;;;;;;47;1;;;74;1;;;;;;;6,5;1;;;63;1;366;1;786;1;379;1;;;64;1;;;;;;;;;0;1;0;1;0;1;0;1;0;1;;;;;;;;;;;;;;;2,0;1;2,1;9;;;;;;;;;;;;
13054001;19800127;0,0;1;;;2,1;1;;;9,3;1;;;5,0;1;5,70;1;-0,9;1;0,0;1;;;7,2;1;5,7;1;1020,0;1;;;5,5;1;12,0;1;340;1;;;11,0;1;360;1;;;;;;;;;;;;;;;;;42;1;;;77;1;;;;;;;5,2;1;;;61;1;534;1;1008;1;186;1;;;93;1;;;;;;;;;0;1;0;1;0;1;0;1;0;1;;;;;;;;;;;;;;;1,8;1;2,0;9;;;;;;;;;;;;
13054001;19800128;2,3;1;;;0,7;1;;;11,4;1;;;6,3;1;6,05;1;-3,8;1;-2,0;1;;;10,7;1;6,1;1;1025,4;1;;;4,5;1;12,0;1;80;1;;;10,0;1;80;1;;;;;;;;;;;;;;;;;58;1;;;96;1;;;;;;;7,0;1;;;77;1;90;1;378;1;301;1;;;15;1;;;;;;;;;0;1;0;1;0;1;0;1;0;1;;;;;;;;;;;;;;;1,3;1;1,4;9;;;;;;;;;;;;
13054001;19800129;0,0;1;;;8,5;1;;;14,1;1;;;10,4;1;11,30;1;5,5;1;6,4;1;;;5,6;1;11,3;1;1023,3;1;;;2,0;1;6,0;1;100;1;;;5,0;1;100;1;;;;;;;;;;;;;;;;;69;1;;;92;1;;;;;;;10,7;1;;;81;1;150;1;653;1;490;1;;;26;1;;;;;;;;;0;1;0;1;0;1;0;1;0;1;;;;;;;;;;;;;;;0,9;1;1,0;9;;;;;;;;;;;;
13054001;19800130;0,3;1;;;8,4;1;;;15,0;1;;;10,6;1;11,70;1;5,8;1;6,8;1;;;6,6;1;11,7;1;1021,1;1;;;1,9;1;9,0;1;120;1;;;7,0;1;120;1;;;;;;;;;;;;;;;;;65;1;;;96;1;;;;;;;10,8;1;;;84;1;318;1;818;1;451;1;;;54;1;;;;;;;;;0;1;0;1;0;1;0;1;0;1;;;;;;;;;;;;;;;1,0;1;1,0;9;;;;;;;;;;;;
13054001;19800131;4,9;1;;;9,5;1;;;13,6;1;;;11,4;1;11,55;1;6,7;1;7,9;1;;;4,1;1;11,6;1;1010,7;1;;;7,4;1;16,0;1;160;1;;;12,0;1;160;1;;;;;;;;;;;;;;;;;81;1;;;98;1;;;;;;;12,1;1;;;88;1;0;1;52;1;46;1;;;0;1;;;;;;;;;0;1;0;1;0;1;0;1;0;1;;;;;;;;;;;;;;;0,9;1;1,1;9;;;;;;;;;;;;
13054001;19800201;0,0;1;;;6,3;1;;;13,2;1;;;9,1;1;9,75;1;1,8;1;3,0;1;;;6,9;1;9,8;1;1013,8;1;;;8,1;1;16,0;1;340;1;;;13,0;1;340;1;;;;;;;;;;;;;;;;;44;1;;;85;1;;;;;;;7,4;1;;;67;1;522;1;1015;1;221;1;;;89;1;;;;;;;;;0;1;0;1;0;1;0;1;0;1;;;;;;;;;;;;;;;2,5;1;2,6;9;;;;;;;;;;;;
13054001;19800202;0,0;1;;;1,4;1;;;12,3;1;;;7,1;1;6,85;1;-2,2;1;-1,2;1;;;10,9;1;6,9;1;1021,0;1;;;1,6;1;9,0;1;300;1;;;8,0;1;300;1;;;;;;;;;;;;;;;;;52;1;;;85;1;;;;;;;6,6;1;;;76;1;84;1;;;;;;;14;1;;;;;;;;;0;1;0;1;0;1;0;1;0;1;;;;;;;;;;;;;;;1,0;1;1,1;9;;;;;;;;;;;;
13054001;19800203;0,0;1;;;6,6;1;;;13,4;1;;;10,0;1;10,00;1;2,0;1;3,4;1;;;6,8;1;10,0;1;1021,9;1;;;5,3;1;14,0;1;300;1;;;12,0;1;300;1;;;;;;;;;;;;;;;;;51;1;;;81;1;;;;;;;7,9;1;;;68;1;372;1;862;1;372;1;;;63;1;;;;;;;;;0;1;0;1;0;1;0;1;0;1;;;;;;;;;;;;;;;2,0;1;2,2;9;;;;;;;;;;;;
13054001;19800204;0,0;1;;;9,5;1;;;16,0;1;;;12,8;1;12,75;1;7,1;1;8,0;1;;;6,5;1;12,8;1;1016,0;1;;;6,6;1;13,0;1;280;1;;;11,0;1;280;1;;;;;;;;;;;;;;;;;64;1;;;87;1;;;;;;;11,0;1;;;76;1;426;1;867;1;383;1;;;72;1;;;;;;;;;0;1;0;1;0;1;0;1;0;1;;;;;;;;;;;;;;;1,9;1;2,1;9;;;;;;;;;;;;
13054001;19800205;0,0;1;;;9,3;1;;;17,6;1;;;12,9;1;13,45;1;5,4;1;6,4;1;;;8,3;1;13,5;1;1016,7;1;;;5,5;1;19,0;1;300;1;;;15,0;1;300;1;;;;;;;;;;;;;;;;;53;1;;;93;1;;;;;;;10,8;1;;;71;1;390;1;1014;1;418;1;;;65;1;;;;;;;;;0;1;0;1;0;1;0;1;0;1;;;;;;;;;;;;;;;2,1;1;2,4;9;;;;;;;;;;;;
13054001;19800206;0,0;1;;;6,8;1;;;15,9;1;;;11,1;1;11,35;1;1,9;1;3,2;1;;;9,1;1;11,4;1;1016,0;1;;;3,3;1;8,0;1;320;1;;;7,0;1;320;1;;;;;;;;;;;;;;;;;44;1;;;90;1;;;;;;;8,4;1;;;68;1;540;1;1115;1;266;1;;;90;1;;;;;;;;;0;1;0;1;0;1;0;1;0;1;;;;;;;;;;;;;;;1,8;1;2,0;9;;;;;;;;;;;;
13054001;19800207;0,0;1;;;6,6;1;;;14,1;1;;;10,8;1;10,35;1;1,4;1;3,6;1;;;7,5;1;10,4;1;1017,9;1;;;7,6;1;18,0;1;340;1;;;15,0;1;340;1;;;;;;;;;;;;;;;;;35;1;;;90;1;;;;;;;7,2;1;;;53;1;510;1;1087;1;254;1;;;85;1;;;;;;;;;0;1;0;1;0;1;0;1;0;1;;;;;;;;;;;;;;;2,8;1;3,0;9;;;;;;;;;;;;
13054001;19800208;0,0;1;;;2,6;1;;;16,8;1;;;9,4;1;9,70;1;-1,4;1;0,0;1;;;14,2;1;9,7;1;1021,9;1;;;2,4;1;9,0;1;160;1;;;7,0;1;160;1;;;;;;;;;;;;;;;;;38;1;;;73;1;;;;;;;6,3;1;;;58;1;552;1;1077;1;223;1;;;91;1;;;;;;;;;0;1;0;1;0;1;0;1;0;1;;;;;;;;;;;;;;;1,8;1;2,2;9;;;;;;;;;;;;
13054001;19800209;0,0;1;;;6,9;1;;;14,1;1;;;11,3;1;10,50;1;1,6;1;3,2;1;;;7,2;1;10,5;1;1022,4;1;;;4,3;1;10,0;1;100;1;;;7,0;1;100;1;;;;;;;;;;;;;;;;;61;1;;;72;1;;;;;;;8,5;1;;;68;1;36;1;358;1;319;1;;;5;1;;;;;;;;;0;1;0;1;0;1;0;1;0;1;;;;;;;;;;;;;;;1,8;1;1,9;9;;;;;;;;;;;;
13054001;19800210;0,1;1;;;10,6;1;;;14,1;1;;;11,4;1;12,35;1;8,6;1;9,1;1;;;3,5;1;12,4;1;1020,6;1;;;5,0;1;16,0;1;340;1;;;11,0;1;340;1;;;;;;;;;;;;;;;;;63;1;;;86;1;;;;;;;10,6;1;;;73;1;12;1;359;1;323;1;;;1;1;;;;;;;;;0;1;0;1;0;1;0;1;0;1;;;;;;;;;;;;;;;1,7;1;1,5;9;;;;;;;;;;;;
13054001;19800211;0,0;1;;;8,4;1;;;13,5;1;;;10,4;1;10,95;1;6,0;1;6,9;1;;;5,1;1;11,0;1;1021,0;1;;;9,1;1;16,0;1;340;1;;;13,0;1;340;1;;;;;;;;;;;;;;;;;48;1;;;71;1;;;;;;;7,6;1;;;60;1;552;1;1159;1;272;1;;;90;1;;;;;;;;;0;1;0;1;0;1;0;1;0;1;;;;;;;;;;;;;;;3,0;1;3,0;9;;;;;;;;;;;;
13054001;19800212;0,0;1;;;1,3;1;;;14,9;1;;;7,9;1;8,10;1;-2,2;1;-1,1;1;;;13,6;1;8,1;1;1022,4;1;;;2,3;1;7,0;1;20;1;;;5,0;1;20;1;;;;;;;;;;;;;;;;;38;1;;;85;1;;;;;;;6,1;1;;;63;1;546;1;1215;1;211;1;;;89;1;;;;;;;;;0;1;0;1;0;1;0;1;0;1;;;;;;;;;;;;;;;1,7;1;2,0;9;;;;;;;;;;;;
13054001;19800213;0,0;1;;;2,1;1;;;14,0;1;;;7,1;1;8,05;1;-1,4;1;-0,7;1;;;11,9;1;8,1;1;1020,9;1;;;1,9;1;6,0;1;260;1;;;5,0;1;260;1;;;;;;;;;;;;;;;;;40;1;;;87;1;;;;;;;6,3;1;;;73;1;486;1;1079;1;436;1;;;79;1;;;;;;;;;0;1;0;1;0;1;0;1;0;1;;;;;;;;;;;;;;;1,5;1;1,4;9;;;;;;;;;;;;
13054001;19800214;0,0;1;;;2,3;1;;;15,1;1;;;8,5;1;8,70;1;-2,2;1;-0,8;1;;;12,8;1;8,7;1;1019,3;1;;;2,9;1;13,0;1;320;1;;;11,0;1;320;1;;;;;;;;;;;;;;;;;49;1;;;86;1;;;;;;;7,3;1;;;72;1;534;1;1126;1;364;1;;;86;1;;;;;;;;;0;1;0;1;0;1;0;1;0;1;;;;;;;;;;;;;;;1,7;1;1,9;9;;;;;;;;;;;;
13054001;19800215;0,0;1;;;6,7;1;;;14,2;1;;;10,5;1;10,45;1;2,1;1;3,4;1;;;7,5;1;10,5;1;1021,6;1;;;2,8;1;6,0;1;180;1;;;5,0;1;180;1;;;;;;;;;;;;;;;;;50;1;;;81;1;;;;;;;8,0;1;;;70;1;174;1;721;1;566;1;;;28;1;;;;;;;;;0;1;0;1;0;1;0;1;0;1;;;;;;;;;;;;;;;1,7;1;1,6;9;;;;;;;;;;;;
13054001;19800216;0,2;1;;;9,0;1;;;12,4;1;;;10,5;1;10,70;1;4,2;1;6,3;1;;;3,4;1;10,7;1;1021,1;1;;;3,6;1;18,0;1;300;1;;;12,0;1;300;1;;;;;;;;;;;;;;;;;53;1;;;80;1;;;;;;;8,4;1;;;71;1;90;1;386;1;318;1;;;14;1;;;;;;;;;0;1;0;1;0;1;0;1;0;1;;;;;;;;;;;;;;;1,7;1;1,6;9;;;;;;;;;;;;
13054001;19800217;0,0;1;;;9,1;1;;;14,1;1;;;10,7;1;11,60;1;5,9;1;7,4;1;;;5,0;1;11,6;1;1019,5;1;;;9,1;1;25,0;1;340;1;;;19,0;1;320;1;;;;;;;;;;;;;;;;;51;1;;;75;1;;;;;;;8,4;1;;;63;1;546;1;1251;1;377;1;;;87;1;;;;;;;;;0;1;0;1;0;1;0;1;0;1;;;;;;;;;;;;;;;3,0;1;3,0;9;;;;;;;;;;;;
13054001;19800218;0,0;1;;;1,8;1;;;15,0;1;;;8,4;1;8,40;1;-2,0;1;-0,7;1;;;13,2;1;8,4;1;1021,0;1;;;2,1;1;6,0;1;360;1;;;5,0;1;360;1;;;;;;;;;;;;;;;;;59;1;;;88;1;;;;;;;8,1;1;;;74;1;564;1;1236;1;363;1;;;89;1;;;;;;;;;0;1;0;1;0;1;0;1;0;1;;;;;;;;;;;;;;;1,5;1;1,6;9;;;;;;;;;;;;
13054001;19800219;0,0;1;;;5,4;1;;;15,4;1;;;10,0;1;10,40;1;0,9;1;2,4;1;;;10,0;1;10,4;1;1020,7;1;;;5,1;1;15,0;1;120;1;;;11,0;1;120;1;;;;;;;;;;;;;;;;;40;1;;;88;1;;;;;;;7,4;1;;;60;1;426;1;1016;1;604;1;;;67;1;;;;;;;;;0;1;0;1;0;1;0;1;0;1;;;;;;;;;;;;;;;2,5;1;2,6;9;;;;;;;;;;;;
13054001;19800220;0,0;1;;;7,2;1;;;12,1;1;;;9,5;1;9,65;1;2,1;1;4,1;1;;;4,9;1;9,7;1;1021,0;1;;;7,0;1;18,0;1;80;1;;;15,0;1;80;1;;;;;;;;;;;;;;;;;31;1;;;58;1;;;;;;;5,1;1;;;39;1;0;1;518;1;474;1;;;0;1;;;;;;;;;0;1;0;1;0;1;0;1;0;1;;;;;;;;;;;;;;;3,3;1;3,5;9;;;;;;;;;;;;
13054001;19800221;0,0;1;;;9,4;1;;;12,9;1;;;10,7;1;11,15;1;7,2;1;8,0;1;;;3,5;1;11,2;1;1022,2;1;;;5,4;1;12,0;1;100;1;;;9,0;1;80;1;;;;;;;;;;;;;;;;;34;1;;;55;1;;;;;;;5,8;1;;;40;1;6;1;369;1;343;1;;;0;1;;;;;;;;;0;1;0;1;0;1;0;1;0;1;;;;;;;;;;;;;;;3,1;1;3,2;9;;;;;;;;;;;;
13054001;19800222;0,0;1;;;8,0;1;;;13,4;1;;;10,4;1;10,70;1;5,2;1;6,2;1;;;5,4;1;10,7;1;1026,3;1;;;2,3;1;6,0;1;80;1;;;5,0;1;80;1;;;;;;;;;;;;;;;;;39;1;;;63;1;;;;;;;6,4;1;;;53;1;0;1;436;1;401;1;;;0;1;;;;;;;;;0;1;0;1;0;1;0;1;0;1;;;;;;;;;;;;;;;1,8;1;2,3;9;;;;;;;;;;;;
13054001;19800223;0,0;1;;;9,0;1;;;14,4;1;;;11,2;1;11,70;1;6,4;1;7,4;1;;;5,4;1;11,7;1;1029,8;1;;;3,5;1;8,0;1;120;1;;;7,0;1;120;1;;;;;;;;;;;;;;;;;48;1;;;62;1;;;;;;;7,5;1;;;53;1;18;1;580;1;520;1;;;2;1;;;;;;;;;0;1;0;1;0;1;0;1;0;1;;;;;;;;;;;;;;;2,2;1;2,4;9;;;;;;;;;;;;
13054001;19800224;0,0;1;;;10,4;1;;;17,1;1;;;12,0;1;13,75;1;6,1;1;7,6;1;;;6,7;1;13,8;1;1027,2;1;;;4,9;1;15,0;1;120;1;;;12,0;1;120;1;;;;;;;;;;;;;;;;;30;1;;;54;1;;;;;;;6,3;1;;;44;1;210;1;876;1;581;1;;;32;1;;;;;;;;;0;1;0;1;0;1;0;1;0;1;;;;;;;;;;;;;;;3,6;1;3,8;9;;;;;;;;;;;;
13054001;19800225;0,0;1;;;5,5;1;;;15,1;1;;;9,9;1;10,30;1;0,8;1;2,0;1;;;9,6;1;10,3;1;1024,9;1;;;2,0;1;7,0;1;180;1;;;6,0;1;180;1;;;;;;;;;;;;;;;;;38;1;;;82;1;;;;;;;7,0;1;;;59;1;474;1;1076;1;706;1;;;73;1;;;;;;;;;0;1;0;1;0;1;0;1;0;1;;;;;;;;;;;;;;;1,8;1;2,1;9;;;;;;;;;;;;
13054001;19800226;0,0;1;;;2,4;1;;;16,8;1;;;8,5;1;9,60;1;-1,6;1;-1,0;1;;;14,4;1;9,6;1;1021,8;1;;;2,1;1;7,0;1;280;1;;;6,0;1;280;1;;;;;;;;;;;;;;;;;32;1;;;85;1;;;;;;;6,1;1;;;67;1;576;1;1441;1;339;1;;;88;1;;;;;;;;;0;1;0;1;0;1;0;1;0;1;;;;;;;;;;;;;;;2,1;1;2,1;9;;;;;;;;;;;;
13054001;19800227;0,0;1;;;1,2;1;;;18,0;1;;;8,7;1;9,60;1;-4,0;1;-2,1;1;;;16,8;1;9,6;1;1022,1;1;;;1,4;1;8,0;1;340;1;;;7,0;1;340;1;;;;;;;;;;;;;;;;;27;1;;;84;1;;;;;;;5,6;1;;;61;1;594;1;1458;1;318;1;;;90;1;;;;;;;;;0;1;0;1;0;1;0;1;0;1;;;;;;;;;;;;;;;2,0;1;2,0;9;;;;;;;;;;;;
13054001;19800228;0,0;1;;;0,1;1;;;14,8;1;;;7,4;1;7,45;1;-4,2;1;-2,9;1;;;14,7;1;7,5;1;1023,1;1;;;2,1;1;6,0;1;280;1;;;5,0;1;280;1;;;;;;;;;;;;;;;;;38;1;;;79;1;;;;;;;5,6;1;;;60;1;552;1;1369;1;466;1;;;84;1;;;;;;;;;0;1;0;1;0;1;0;1;0;1;;;;;;;;;;;;;;;2,0;1;2,1;9;;;;;;;;;;;;
13054001;19800229;0,0;1;;;-0,1;1;;;10,0;1;;;4,9;1;4,95;1;-4,8;1;-3,1;1;;;10,1;1;5,0;1;1021,6;1;;;4,5;1;14,0;1;320;1;;;11,0;1;320;1;;;;;;;;;;;;;;;;;43;1;;;77;1;;;;;;;5,0;1;;;58;1;552;1;1427;1;470;1;;;83;1;;;;;;;;;0;1;0;1;0;1;0;1;0;1;;;;;;;;;;;;;;;2,1;1;2,3;9;;;;;;;;;;;;
13054001;19800301;0,0;1;;;-0,4;1;;;15,8;1;;;6,6;1;7,70;1;-4,8;1;-3,0;1;;;16,2;1;7,7;1;1021,3;1;;;1,5;1;6,0;1;240;1;;;5,0;1;240;1;;;;;;;;;;;;;;;;;33;1;;;82;1;;;;;;;5,4;1;;;63;1;552;1;1421;1;425;1;;;83;1;;;;;;;;;0;1;0;1;0;1;0;1;0;1;;;;;;;;;;;;;;;1,9;1;1,9;9;;;;;;;;;;;;
13054001;19800302;0,0;1;;;2,0;1;;;14,2;1;;;7,7;1;8,10;1;-2,2;1;-0,4;1;;;12,2;1;8,1;1;1018,4;1;;;1,0;1;5,0;1;200;1;;;4,0;1;200;1;;;;;;;;;;;;;;;;;57;1;;;88;1;;;;;;;7,7;1;;;79;1;360;1;1212;1;784;1;;;54;1;;;;;;;;;0;1;0;1;0;1;0;1;0;1;;;;;;;;;;;;;;;1,4;1;1,4;9;;;;;;;;;;;;
13054001;19800303;0,0;1;;;5,3;1;;;12,7;1;;;8,8;1;9,00;1;0,9;1;2,6;1;;;7,4;1;9,0;1;1012,5;1;;;8,1;1;23,0;1;340;1;;;17,0;1;340;1;;;;;;;;;;;;;;;;;41;1;;;90;1;;;;;;;7,0;1;;;60;1;540;1;1430;1;623;1;;;80;1;;;;;;;;;0;1;0;1;0;1;0;1;0;1;;;;;;;;;;;;;;;2,8;1;2,9;9;;;;;;;;;;;;
13054001;19800304;0,0;1;;;-0,7;1;;;13,9;1;;;8,1;1;6,60;1;-4,6;1;-3,2;1;;;14,6;1;6,6;1;1014,4;1;;;4,3;1;12,0;1;320;1;;;10,0;1;320;1;;;;;;;;;;;;;;;;;43;1;;;72;1;;;;;;;5,5;1;;;57;1;348;1;1149;1;748;1;;;51;1;;;;;;;;;0;1;0;1;0;1;0;1;0;1;;;;;;;;;;;;;;;2,4;1;2,5;9;;;;;;;;;;;;
13054001;19800305;0,0;1;;;6,2;1;;;15,8;1;;;10,7;1;11,00;1;1,8;1;3,2;1;;;9,6;1;11,0;1;1016,3;1;;;2,4;1;6,0;1;260;1;;;5,0;1;240;1;;;;;;;;;;;;;;;;;47;1;;;79;1;;;;;;;8,0;1;;;65;1;276;1;1057;1;708;1;;;40;1;;;;;;;;;0;1;0;1;0;1;0;1;0;1;;;;;;;;;;;;;;;2,0;1;2,0;9;;;;;;;;;;;;
13054001;19800306;2,4;1;;;6,0;1;;;12,9;1;;;9,5;1;9,45;1;2,4;1;3,4;1;;;6,9;1;9,5;1;1011,8;1;;;1,8;1;9,0;1;280;1;;;8,0;1;280;1;;;;;;;;;;;;;;;;;59;1;;;92;1;;;;;;;8,7;1;;;73;1;0;1;459;1;421;1;;;0;1;;;;;;;;;0;1;0;1;0;1;0;1;0;1;;;;;;;;;;;;;;;1,2;1;1,2;9;;;;;;;;;;;;
13054001;19800307;0,2;1;;;9,4;1;;;15,2;1;;;11,4;1;12,30;1;5,3;1;6,7;1;;;5,8;1;12,3;1;1002,5;1;;;7,8;1;17,0;1;260;1;;;15,0;1;260;1;;;;;;;;;;;;;;;;;39;1;;;92;1;;;;;;;8,8;1;;;64;1;558;1;1611;1;384;1;;;81;1;;;;;;;;;0;1;0;1;0;1;0;1;0;1;;;;;;;;;;;;;;;3,3;1;3,2;9;;;;;;;;;;;;
13054001;19800308;0,2;1;;;8,3;1;;;13,9;1;;;10,6;1;11,10;1;5,9;1;6,8;1;;;5,6;1;11,1;1;1001,9;1;;;9,0;1;24,0;1;260;1;;;19,0;1;260;1;;;;;;;;;;;;;;;;;38;1;;;78;1;;;;;;;7,3;1;;;60;1;342;1;1322;1;725;1;;;50;1;;;;;;;;;0;1;0;1;0;1;0;1;0;1;;;;;;;;;;;;;;;3,5;1;3,5;9;;;;;;;;;;;;
13054001;19800309;0,0;1;;;7,3;1;;;12,9;1;;;9,5;1;10,10;1;5,1;1;5,9;1;;;5,6;1;10,1;1;1011,7;1;;;12,3;1;25,0;1;340;1;;;21,0;1;340;1;;;;;;;;;;;;;;;;;42;1;;;72;1;;;;;;;6,8;1;;;57;1;630;1;1702;1;423;1;;;91;1;;;;;;;;;0;1;0;1;0;1;0;1;0;1;;;;;;;;;;;;;;;3,8;1;3,7;9;;;;;;;;;;;;
13054001;19800310;0,0;1;;;6,4;1;;;14,4;1;;;10,3;1;10,40;1;4,0;1;4,9;1;;;8,0;1;10,4;1;1017,7;1;;;8,3;1;16,0;1;340;1;;;12,0;1;340;1;;;;;;;;;;;;;;;;;35;1;;;72;1;;;;;;;6,3;1;;;52;1;444;1;1428;1;562;1;;;64;1;;;;;;;;;0;1;0;1;0;1;0;1;0;1;;;;;;;;;;;;;;;3,7;1;3,8;9;;;;;;;;;;;;
13054001;19800311;0,0;1;;;6,7;1;;;12,4;1;;;9,4;1;9,55;1;2,3;1;4,1;1;;;5,7;1;9,6;1;1017,3;1;;;11,3;1;22,0;1;340;1;;;18,0;1;340;1;;;;;;;;;;;;;;;;;35;1;;;74;1;;;;;;;6,2;1;;;53;1;612;1;1681;1;511;1;;;88;1;;;;;;;;;0;1;0;1;0;1;0;1;0;1;;;;;;;;;;;;;;;3,8;1;3,9;9;;;;;;;;;;;;
13054001;19800312;0,0;1;;;1,0;1;;;15,1;1;;;8,6;1;8,05;1;-3,4;1;-3,0;1;;;14,1;1;8,1;1;1018,9;1;;;3,6;1;10,0;1;360;1;;;8,0;1;360;1;;;;;;;;;;;;;;;;;35;1;;;75;1;;;;;;;5,5;1;;;56;1;636;1;1764;1;350;1;;;91;1;;;;;;;;;0;1;0;1;0;1;0;1;0;1;;;;;;;;;;;;;;;2,9;1;3,0;9;;;;;;;;;;;;
13054001;19800313;9,7;1;;;4,6;1;;;11,6;1;;;7,8;1;8,10;1;-0,5;1;1,3;1;;;7,0;1;8,1;1;1009,9;1;;;4,8;1;14,0;1;280;1;;;11,0;1;280;1;;;;;;;;;;;;;;;;;66;1;;;90;1;;;;;;;8,3;1;;;78;1;0;1;183;1;165;1;;;0;1;;;;;;;;;0;1;0;1;0;1;0;1;0;1;;;;;;;;;;;;;;;1,3;1;1,4;9;;;;;;;;;;;;
13054001;19800314;2,0;1;;;5,4;1;;;6,5;1;;;6,0;1;5,95;1;3,4;1;4,0;1;;;1,1;1;6,0;1;1004,7;1;;;7,8;1;14,0;1;280;1;;;12,0;1;280;1;;;;;;;;;;;;;;;;;63;1;;;87;1;;;;;;;7,0;1;;;75;1;0;1;332;1;307;1;;;0;1;;;;;;;;;0;1;0;1;0;1;0;1;0;1;;;;;;;;;;;;;;;1,5;1;1,5;9;;;;;;;;;;;;
13054001;19800315;0,0;1;;;1,2;1;;;12,8;1;;;6,6;1;7,00;1;-2,6;1;-1,2;1;;;11,6;1;7,0;1;1008,2;1;;;3,9;1;10,0;1;340;1;;;7,0;1;340;1;;;;;;;;;;;;;;;;;49;1;;;85;1;;;;;;;6,5;1;;;70;1;282;1;1373;1;663;1;;;40;1;;;;;;;;;0;1;0;1;0;1;0;1;0;1;;;;;;;;;;;;;;;2,2;1;2,3;9;;;;;;;;;;;;
13054001;19800316;0,0;1;;;6,0;1;;;12,8;1;;;8,2;1;9,40;1;3,4;1;4,2;1;;;6,8;1;9,4;1;1011,0;1;;;7,5;1;15,0;1;340;1;;;12,0;1;340;1;;;;;;;;;;;;;;;;;53;1;;;79;1;;;;;;;7,6;1;;;66;1;636;1;1766;1;488;1;;;89;1;;;;;;;;;0;1;0;1;0;1;0;1;0;1;;;;;;;;;;;;;;;2,9;1;2,8;9;;;;;;;;;;;;
13054001;19800317;0,0;1;;;0,4;1;;;16,3;1;;;7,6;1;8,35;1;-3,2;1;-2,0;1;;;15,9;1;8,4;1;1011,7;1;;;2,1;1;8,0;1;200;1;;;6,0;1;200;1;;;;;;;;;;;;;;;;;33;1;;;85;1;;;;;;;5,7;1;;;66;1;636;1;1837;1;387;1;;;89;1;;;;;;;;;0;1;0;1;0;1;0;1;0;1;;;;;;;;;;;;;;;2,6;1;2,7;9;;;;;;;;;;;;
13054001;19800318;0,0;1;;;5,9;1;;;16,5;1;;;11,0;1;11,20;1;-0,3;1;2,2;1;;;10,6;1;11,2;1;1010,1;1;;;5,0;1;13,0;1;120;1;;;10,0;1;140;1;;;;;;;;;;;;;;;;;40;1;;;81;1;;;;;;;7,5;1;;;59;1;612;1;1590;1;641;1;;;85;1;;;;;;;;;0;1;0;1;0;1;0;1;0;1;;;;;;;;;;;;;;;3,2;1;3,2;9;;;;;;;;;;;;
13054001;19800319;20,8;1;;;9,1;1;;;14,2;1;;;11,7;1;11,65;1;5,7;1;6,8;1;;;5,1;1;11,7;1;1007,2;1;;;6,4;1;13,0;1;100;1;;;10,0;1;100;1;;;;;;;;;;;;;;;;;47;1;;;76;1;;;;;;;8,2;1;;;62;1;0;1;421;1;395;1;;;0;1;;;;;;;;;0;1;0;1;0;1;0;1;0;1;;;;;;;;;;;;;;;2,7;1;2,6;9;;;;;;;;;;;;
13054001;19800320;1,0;1;;;7,8;1;;;14,0;1;;;10,4;1;10,90;1;5,8;1;6,3;1;;;6,2;1;10,9;1;999,3;1;;;6,5;1;22,0;1;240;1;;;18,0;1;240;1;;;;;;;;;;;;;;;;;49;1;;;91;1;;;;;;;8,7;1;;;75;1;366;1;1434;1;660;1;;;50;1;;;;;;;;;0;1;0;1;0;1;0;1;0;1;;;;;;;;;;;;;;;2,7;1;2,6;9;;;;;;;;;;;;
13054001;19800321;3,8;1;;;3,2;1;;;15,3;1;;;9,5;1;9,25;1;-1,9;1;0,0;1;;;12,1;1;9,3;1;998,4;1;;;1,9;1;6,0;1;120;1;;;5,0;1;120;1;;;;;;;;;;;;;;;;;38;1;;;90;1;;;;;;;6,8;1;;;68;1;606;1;1848;1;561;1;;;83;1;;;;;;;;;0;1;0;1;0;1;0;1;0;1;;;;;;;;;;;;;;;2,5;1;2,5;9;;;;;;;;;;;;
13054001;19800322;8,0;1;;;8,6;1;;;14,4;1;;;10,2;1;11,50;1;6,1;1;6,6;1;;;5,8;1;11,5;1;995,6;1;;;6,6;1;24,0;1;80;1;;;18,0;1;80;1;;;;;;;;;;;;;;;;;54;1;;;89;1;;;;;;;9,4;1;;;77;1;186;1;1124;1;478;1;;;25;1;;;;;;;;;0;1;0;1;0;1;0;1;0;1;;;;;;;;;;;;;;;2,6;1;2,5;9;;;;;;;;;;;;
13054001;19800323;0,0;1;;;6,8;1;;;12,8;1;;;9,2;1;9,80;1;4,4;1;5,2;1;;;6,0;1;9,8;1;1004,0;1;;;6,6;1;14,0;1;320;1;;;12,0;1;320;1;;;;;;;;;;;;;;;;;49;1;;;89;1;;;;;;;8,0;1;;;68;1;516;1;1682;1;668;1;;;70;1;;;;;;;;;0;1;0;1;0;1;0;1;0;1;;;;;;;;;;;;;;;2,8;1;2,8;9;;;;;;;;;;;;
13054001;19800324;0,0;1;;;5,4;1;;;15,4;1;;;9,6;1;10,40;1;2,1;1;3,2;1;;;10,0;1;10,4;1;1008,7;1;;;5,8;1;11,0;1;320;1;;;10,0;1;320;1;;;;;;;;;;;;;;;;;47;1;;;81;1;;;;;;;7,7;1;;;66;1;648;1;1886;1;669;1;;;88;1;;;;;;;;;0;1;0;1;0;1;0;1;0;1;;;;;;;;;;;;;;;3,2;1;3,1;9;;;;;;;;;;;;
13054001;19800325;0,2;1;;;6,2;1;;;15,0;1;;;10,8;1;10,60;1;0,0;1;2,8;1;;;8,8;1;10,6;1;1010,9;1;;;4,3;1;14,0;1;180;1;;;11,0;1;140;1;;;;;;;;;;;;;;;;;57;1;;;87;1;;;;;;;9,0;1;;;76;1;270;1;1197;1;791;1;;;36;1;;;;;;;;;0;1;0;1;0;1;0;1;0;1;;;;;;;;;;;;;;;2,3;1;2,3;9;;;;;;;;;;;;
13054001;19800326;0,0;1;;;5,4;1;;;17,0;1;;;11,0;1;11,20;1;1,1;1;2,8;1;;;11,6;1;11,2;1;1013,4;1;;;2,1;1;7,0;1;200;1;;;6,0;1;200;1;;;;;;;;;;;;;;;;;37;1;;;92;1;;;;;;;7,7;1;;;71;1;258;1;1328;1;889;1;;;35;1;;;;;;;;;0;1;0;1;0;1;0;1;0;1;;;;;;;;;;;;;;;2,4;1;2,5;9;;;;;;;;;;;;
13054001;19800327;0,0;1;;;11,1;1;;;19,2;1;;;14,3;1;15,15;1;6,8;1;8,2;1;;;8,1;1;15,2;1;1012,2;1;;;3,3;1;11,0;1;80;1;;;9,0;1;80;1;;;;;;;;;;;;;;;;;56;1;;;94;1;;;;;;;12,4;1;;;76;1;324;1;1514;1;737;1;;;43;1;;;;;;;;;0;1;0;1;0;1;0;1;0;1;;;;;;;;;;;;;;;2,7;1;2,6;9;;;;;;;;;;;;
13054001;19800328;0,0;1;;;10,4;1;;;17,7;1;;;13,6;1;14,05;1;6,2;1;7,8;1;;;7,3;1;14,1;1;1014,9;1;;;2,9;1;7,0;1;80;1;;;6,0;1;80;1;;;;;;;;;;;;;;;;;68;1;;;94;1;;;;;;;12,8;1;;;85;1;300;1;1418;1;934;1;;;40;1;;;;;;;;;0;1;0;1;0;1;0;1;0;1;;;;;;;;;;;;;;;2,3;1;2,2;9;;;;;;;;;;;;
13054001;19800329;0,0;1;;;11,4;1;;;17,3;1;;;13,4;1;14,35;1;8,7;1;10,1;1;;;5,9;1;14,4;1;1015,2;1;;;3,0;1;18,0;1;320;1;;;14,0;1;320;1;;;;;;;;;;;;;;;;;45;1;;;96;1;;;;;;;10,9;1;;;75;1;138;1;1005;1;780;1;;;18;1;;;;;;;;;0;1;1;1;0;1;0;1;0;1;;;;;;;;;;;;;;;2,4;1;2,4;9;;;;;;;;;;;;
13054001;19800330;0,0;1;;;10,3;1;;;16,4;1;;;13,3;1;13,35;1;8,0;1;8,9;1;;;6,1;1;13,4;1;1018,8;1;;;12,4;1;23,0;1;320;1;;;19,0;1;320;1;;;;;;;;;;;;;;;;;27;1;;;53;1;;;;;;;5,8;1;;;40;1;708;1;2251;1;265;1;;;94;1;;;;;;;;;0;1;0;1;0;1;0;1;0;1;;;;;;;;;;;;;;;6,1;1;6,2;9;;;;;;;;;;;;
13054001;19800331;0,0;1;;;6,6;1;;;20,3;1;;;13,6;1;13,45;1;1,0;1;3,0;1;;;13,7;1;13,5;1;1019,1;1;;;3,8;1;9,0;1;240;1;;;8,0;1;240;1;;;;;;;;;;;;;;;;;36;1;;;84;1;;;;;;;8,4;1;;;58;1;654;1;2147;1;432;1;;;86;1;;;;;;;;;0;1;0;1;0;1;0;1;0;1;;;;;;;;;;;;;;;3,9;1;3,9;9;;;;;;;;;;;;
13054001;19800401;0,0;1;;;10,0;1;;;22,5;1;;;15,1;1;16,25;1;6,1;1;7,9;1;;;12,5;1;16,3;1;1016,0;1;;;3,6;1;14,0;1;320;1;;;10,0;1;300;1;;;;;;;;;;;;;;;;;52;1;;;96;1;;;;;;;13,0;1;;;73;1;588;1;1939;1;778;1;;;77;1;;;;;;;;;0;1;1;1;0;1;0;1;0;1;;;;;;;;;;;;;;;3,5;1;3,5;9;;;;;;;;;;;;
13054001;19800402;0,0;1;;;12,2;1;;;17,6;1;;;15,0;1;14,90;1;9,2;1;10,2;1;;;5,4;1;14,9;1;1017,6;1;;;12,1;1;23,0;1;360;1;;;18,0;1;360;1;;;;;;;;;;;;;;;;;32;1;;;78;1;;;;;;;8,8;1;;;48;1;720;1;2248;1;312;1;;;95;1;;;;;;;;;0;1;0;1;0;1;0;1;0;1;;;;;;;;;;;;;;;5,4;1;5,6;9;;;;;;;;;;;;
13054001;19800403;0,0;1;;;9,1;1;;;13,8;1;;;10,8;1;11,45;1;6,9;1;7,6;1;;;4,7;1;11,5;1;1018,2;1;;;14,8;1;25,0;1;340;1;;;21,0;1;340;1;;;;;;;;;;;;;;;;;33;1;;;57;1;;;;;;;5,9;1;;;48;1;732;1;2330;1;295;1;;;96;1;;;;;;;;;0;1;0;1;0;1;0;1;0;1;;;;;;;;;;;;;;;5,4;1;5,4;9;;;;;;;;;;;;
13054001;19800404;0,0;1;;;6,4;1;;;13,7;1;;;9,4;1;10,05;1;4,1;1;4,8;1;;;7,3;1;10,1;1;1013,8;1;;;12,5;1;22,0;1;340;1;;;18,0;1;340;1;;;;;;;;;;;;;;;;;38;1;;;64;1;;;;;;;6,1;1;;;49;1;708;1;2269;1;395;1;;;92;1;;;;;;;;;0;1;0;1;0;1;0;1;0;1;;;;;;;;;;;;;;;4,6;1;4,6;9;;;;;;;;;;;;
13054001;19800405;0,0;1;;;1,6;1;;;14,0;1;;;8,4;1;7,80;1;-2,7;1;-1,3;1;;;12,4;1;7,8;1;1016,2;1;;;5,5;1;16,0;1;340;1;;;13,0;1;320;1;;;;;;;;;;;;;;;;;35;1;;;64;1;;;;;;;5,0;1;;;49;1;732;1;2272;1;421;1;;;95;1;;;;;;;;;0;1;0;1;0;1;0;1;0;1;;;;;;;;;;;;;;;3,8;1;4,0;9;;;;;;;;;;;;
13054001;19800406;0,0;1;;;4,2;1;;;13,3;1;;;8,9;1;8,75;1;-0,2;1;1,3;1;;;9,1;1;8,8;1;1018,6;1;;;4,9;1;10,0;1;280;1;;;8,0;1;200;1;;;;;;;;;;;;;;;;;41;1;;;69;1;;;;;;;6,0;1;;;57;1;162;1;1157;1;837;1;;;21;1;;;;;;;;;0;1;0;1;0;1;0;1;0;1;;;;;;;;;;;;;;;2,9;1;2,9;9;;;;;;;;;;;;
13054001;19800407;0,0;1;;;5,9;1;;;15,8;1;;;10,6;1;10,85;1;2,5;1;3,4;1;;;9,9;1;10,9;1;1021,2;1;;;6,0;1;18,0;1;340;1;;;14,0;1;340;1;;;;;;;;;;;;;;;;;29;1;;;73;1;;;;;;;6,0;1;;;50;1;654;1;2228;1;594;1;;;84;1;;;;;;;;;0;1;0;1;0;1;0;1;0;1;;;;;;;;;;;;;;;4,3;1;4,1;9;;;;;;;;;;;;
13054001;19800408;0,0;1;;;7,0;1;;;13,7;1;;;10,5;1;10,35;1;2,2;1;3,8;1;;;6,7;1;10,4;1;1013,4;1;;;13,8;1;26,0;1;340;1;;;21,0;1;320;1;;;;;;;;;;;;;;;;;35;1;;;55;1;;;;;;;5,5;1;;;45;1;474;1;1911;1;917;1;;;61;1;;;;;;;;;0;1;0;1;0;1;0;1;0;1;;;;;;;;;;;;;;;5,0;1;4,9;9;;;;;;;;;;;;
13054001;19800409;0,0;1;;;6,7;1;;;12,5;1;;;9,4;1;9,60;1;4,8;1;5,5;1;;;5,8;1;9,6;1;1011,3;1;;;15,3;1;28,0;1;340;1;;;22,0;1;340;1;;;;;;;;;;;;;;;;;32;1;;;61;1;;;;;;;5,3;1;;;47;1;582;1;2264;1;536;1;;;74;1;;;;;;;;;0;1;0;1;0;1;0;1;0;1;;;;;;;;;;;;;;;5,0;1;4,9;9;;;;;;;;;;;;
13054001;19800410;0,0;1;;;3,5;1;;;16,2;1;;;10,3;1;9,85;1;-1,8;1;0,0;1;;;12,7;1;9,9;1;1018,5;1;;;5,5;1;15,0;1;340;1;;;13,0;1;340;1;;;;;;;;;;;;;;;;;30;1;;;62;1;;;;;;;5,2;1;;;47;1;702;1;2348;1;527;1;;;89;1;;;;;;;;;0;1;0;1;0;1;0;1;0;1;;;;;;;;;;;;;;;4,4;1;4,4;9;;;;;;;;;;;;
13054001;19800411;0,0;1;;;5,8;1;;;17,9;1;;;11,5;1;11,85;1;0,3;1;2,5;1;;;12,1;1;11,9;1;1022,2;1;;;2,9;1;7,0;1;200;1;;;6,0;1;200;1;;;;;;;;;;;;;;;;;25;1;;;71;1;;;;;;;5,8;1;;;50;1;732;1;2429;1;381;1;;;93;1;;;;;;;;;0;1;0;1;0;1;0;1;0;1;;;;;;;;;;;;;;;4,0;1;3,9;9;;;;;;;;;;;;
13054001;19800412;0,0;1;;;4,2;1;;;18,4;1;;;11,4;1;11,30;1;-1,1;1;0,7;1;;;14,2;1;11,3;1;1021,7;1;;;3,8;1;14,0;1;180;1;;;11,0;1;180;1;;;;;;;;;;;;;;;;;20;1;;;67;1;;;;;;;4,9;1;;;42;1;708;1;2421;1;915;1;;;90;1;;;;;;;;;0;1;0;1;0;1;0;1;0;1;;;;;;;;;;;;;;;4,5;1;4,4;9;;;;;;;;;;;;
13054001;19800413;0,0;1;;;4,1;1;;;18,1;1;;;12,0;1;11,10;1;0,1;1;1,4;1;;;14,0;1;11,1;1;1021,4;1;;;4,6;1;17,0;1;120;1;;;13,0;1;160;1;;;;;;;;;;;;;;;;;31;1;;;64;1;;;;;;;5,8;1;;;48;1;432;1;1879;1;1092;1;;;54;1;;;;;;;;;0;1;0;1;0;1;0;1;0;1;;;;;;;;;;;;;;;4,2;1;4,1;9;;;;;;;;;;;;
13054001;19800414;1,0;1;;;11,7;1;;;18,2;1;;;14,7;1;14,95;1;7,3;1;8,7;1;;;6,5;1;15,0;1;1020,5;1;;;7,6;1;17,0;1;120;1;;;14,0;1;120;1;;;;;;;;;;;;;;;;;33;1;;;63;1;;;;;;;7,8;1;;;45;1;0;1;709;1;643;1;;;0;1;;;;;;;;;0;1;0;1;0;1;0;1;0;1;;;;;;;;;;;;;;;4,5;1;4,1;9;;;;;;;;;;;;
13054001;19800415;8,8;1;;;11,3;1;;;14,2;1;;;12,6;1;12,75;1;8,4;1;8,8;1;;;2,9;1;12,8;1;1016,9;1;;;11,9;1;21,0;1;80;1;;;17,0;1;80;1;;;;;;;;;;;;;;;;;53;1;;;80;1;;;;;;;9,6;1;;;68;1;0;1;387;1;357;1;;;0;1;;;;;;;;;0;1;0;1;0;1;0;1;0;1;;;;;;;;;;;;;;;3,1;1;2,9;9;;;;;;;;;;;;
13054001;19800416;11,4;1;;;11,0;1;;;13,5;1;;;12,0;1;12,25;1;9,0;1;9,2;1;;;2,5;1;12,3;1;1019,2;1;;;6,5;1;19,0;1;80;1;;;14,0;1;80;1;;;;;;;;;;;;;;;;;68;1;;;90;1;;;;;;;11,2;1;;;80;1;0;1;329;1;296;1;;;0;1;;;;;;;;;0;1;0;1;0;1;0;1;0;1;;;;;;;;;;;;;;;1,7;1;1,5;9;;;;;;;;;;;;
13054001;19800417;5,8;1;;;9,4;1;;;15,9;1;;;12,6;1;12,65;1;7,0;1;7,4;1;;;6,5;1;12,7;1;1018,7;1;;;2,0;1;7,0;1;200;1;;;5,0;1;200;1;;;;;;;;;;;;;;;;;59;1;;;92;1;;;;;;;10,8;1;;;82;1;276;1;1015;1;604;1;;;34;1;;;;;;;;;0;1;0;1;0;1;0;1;0;1;;;;;;;;;;;;;;;2,0;1;2,0;9;;;;;;;;;;;;
13054001;19800418;0,0;1;;;11,3;1;;;20,1;1;;;14,7;1;15,70;1;9,4;1;9,9;1;;;8,8;1;15,7;1;1013,3;1;;;3,6;1;12,0;1;360;1;;;10,0;1;360;1;;;;;;;;;;;;;;;;;56;1;;;93;1;;;;;;;12,8;1;;;76;1;540;1;2268;1;807;1;;;67;1;;;;;;;;;0;1;0;1;0;1;0;1;0;1;;;;;;;;;;;;;;;3,7;1;3,5;9;;;;;;;;;;;;
13054001;19800419;0,0;1;;;11,5;1;;;18,8;1;;;15,2;1;15,15;1;8,2;1;10,1;1;;;7,3;1;15,2;1;1005,3;1;;;10,9;1;28,0;1;340;1;;;21,0;1;340;1;;;;;;;;;;;;;;;;;39;1;;;72;1;;;;;;;9,1;1;;;55;1;660;1;2327;1;830;1;;;81;1;;;;;;;;;0;1;0;1;0;1;0;1;0;1;;;;;;;;;;;;;;;5,5;1;5,5;9;;;;;;;;;;;;
13054001;19800420;0,0;1;;;10,1;1;;;15,6;1;;;12,6;1;12,85;1;9,7;1;10,3;1;;;5,5;1;12,9;1;1001,8;1;;;16,1;1;30,0;1;320;1;;;22,0;1;340;1;;;;;;;;;;;;;;;;;35;1;;;63;1;;;;;;;7,0;1;;;49;1;636;1;2200;1;711;1;;;78;1;;;;;;;;;0;1;0;1;0;1;0;1;0;1;;;;;;;;;;;;;;;5,7;1;5,7;9;;;;;;;;;;;;
13054001;19800421;0,0;1;;;7,4;1;;;12,2;1;;;9,2;1;9,80;1;5,7;1;6,4;1;;;4,8;1;9,8;1;1009,7;1;;;18,1;1;31,0;1;340;1;;;26,0;1;340;1;;;;;;;;;;;;;;;;;38;1;;;64;1;;;;;;;6,0;1;;;52;1;732;1;2553;1;638;1;;;90;1;;;;;;;;;0;1;0;1;0;1;0;1;0;1;;;;;;;;;;;;;;;4,9;1;5,1;9;;;;;;;;;;;;
13054001;19800422;0,0;1;;;6,9;1;;;12,6;1;;;9,6;1;9,75;1;5,0;1;5,6;1;;;5,7;1;9,8;1;1016,2;1;;;15,5;1;28,0;1;340;1;;;22,0;1;340;1;;;;;;;;;;;;;;;;;36;1;;;62;1;;;;;;;5,7;1;;;50;1;768;1;2564;1;600;1;;;94;1;;;;;;;;;0;1;0;1;0;1;0;1;0;1;;;;;;;;;;;;;;;5,0;1;4,9;9;;;;;;;;;;;;
13054001;19800423;0,0;1;;;7,4;1;;;14,0;1;;;10,5;1;10,70;1;5,3;1;6,0;1;;;6,6;1;10,7;1;1012,9;1;;;11,6;1;22,0;1;320;1;;;16,0;1;320;1;;;;;;;;;;;;;;;;;33;1;;;63;1;;;;;;;5,9;1;;;47;1;564;1;2405;1;720;1;;;69;1;;;;;;;;;0;1;0;1;0;1;0;1;0;1;;;;;;;;;;;;;;;5,1;1;5,1;9;;;;;;;;;;;;
13054001;19800424;0,0;1;;;4,5;1;;;14,6;1;;;10,8;1;9,55;1;-0,4;1;0,9;1;;;10,1;1;9,6;1;1010,4;1;;;10,6;1;25,0;1;320;1;;;20,0;1;340;1;;;;;;;;;;;;;;;;;37;1;;;57;1;;;;;;;5,5;1;;;46;1;768;1;2537;1;625;1;;;93;1;;;;;;;;;0;1;0;1;0;1;0;1;0;1;;;;;;;;;;;;;;;4,9;1;5,1;9;;;;;;;;;;;;
13054001;19800425;0,0;1;;;7,7;1;;;16,3;1;;;12,1;1;12,00;1;5,0;1;5,6;1;;;8,6;1;12,0;1;1009,8;1;;;12,0;1;24,0;1;340;1;;;20,0;1;340;1;;;;;;;;;;;;;;;;;33;1;;;68;1;;;;;;;6,6;1;;;48;1;768;1;2670;1;448;1;;;93;1;;;;;;;;;0;1;0;1;0;1;0;1;0;1;;;;;;;;;;;;;;;5,5;1;5,7;9;;;;;;;;;;;;
13054001;19800426;0,0;1;;;3,5;1;;;18,8;1;;;12,6;1;11,15;1;0,2;1;1,0;1;;;15,3;1;11,2;1;1010,6;1;;;6,9;1;16,0;1;340;1;;;12,0;1;340;1;;;;;;;;;;;;;;;;;31;1;;;71;1;;;;;;;6,2;1;;;49;1;726;1;2605;1;547;1;;;88;1;;;;;;;;;0;1;0;1;0;1;0;1;0;1;;;;;;;;;;;;;;;5,2;1;5,3;9;;;;;;;;;;;;
13054001;19800427;0,0;1;;;9,7;1;;;16,4;1;;;12,8;1;13,05;1;7,2;1;8,0;1;;;6,7;1;13,1;1;1013,4;1;;;9,9;1;18,0;1;340;1;;;15,0;1;340;1;;;;;;;;;;;;;;;;;42;1;;;64;1;;;;;;;7,8;1;;;53;1;774;1;2506;1;701;1;;;93;1;;;;;;;;;0;1;0;1;0;1;0;1;0;1;;;;;;;;;;;;;;;5,1;1;5,3;9;;;;;;;;;;;;
13054001;19800428;0,0;1;;;4,4;1;;;19,5;1;;;12,9;1;11,95;1;-0,2;1;1,4;1;;;15,1;1;12,0;1;1013,7;1;;;3,4;1;8,0;1;320;1;;;7,0;1;320;1;;;;;;;;;;;;;;;;;33;1;;;78;1;;;;;;;7,0;1;;;54;1;738;1;2525;1;768;1;;;88;1;;;;;;;;;0;1;0;1;0;1;0;1;0;1;;;;;;;;;;;;;;;4,4;1;4,3;9;;;;;;;;;;;;
13054001;19800429;0,0;1;;;7,7;1;;;18,7;1;;;13,3;1;13,20;1;4,0;1;5,0;1;;;11,0;1;13,2;1;1013,5;1;;;3,8;1;13,0;1;180;1;;;9,0;1;180;1;;;;;;;;;;;;;;;;;38;1;;;76;1;;;;;;;8,1;1;;;61;1;510;1;2052;1;1125;1;;;61;1;;;;;;;;;0;1;0;1;0;1;0;1;0;1;;;;;;;;;;;;;;;4,0;1;3,8;9;;;;;;;;;;;;
13054001;19800430;0,2;1;;;10,5;1;;;19,4;1;;;14,3;1;14,95;1;7,0;1;9,2;1;;;8,9;1;15,0;1;1008,0;1;;;2,3;1;10,0;1;60;1;;;9,0;1;60;1;;;;;;;;;;;;;;;;;28;1;;;83;1;;;;;;;8,4;1;;;61;1;162;1;1197;1;1002;1;;;19;1;;;;;;;;;0;1;0;1;0;1;0;1;0;1;;;;;;;;;;;;;;;3,1;1;3,1;9;;;;;;;;;;;;
13054001;19800501;0,0;1;;;11,3;1;;;20,6;1;;;15,1;1;15,95;1;8,9;1;10,4;1;;;9,3;1;16,0;1;1006,8;1;;;3,4;1;10,0;1;300;1;;;9,0;1;300;1;;;;;;;;;;;;;;;;;39;1;;;85;1;;;;;;;10,4;1;;;64;1;336;1;1587;1;1131;1;;;40;1;;;;;;;;;0;1;0;1;0;1;0;1;0;1;;;;;;;;;;;;;;;3,7;1;3,9;9;;;;;;;;;;;;
13054001;19800502;0,0;1;;;8,3;1;;;22,7;1;;;15,2;1;15,50;1;3,8;1;5,0;1;;;14,4;1;15,5;1;1010,3;1;;;3,0;1;9,0;1;240;1;;;8,0;1;240;1;;;;;;;;;;;;;;;;;32;1;;;78;1;;;;;;;8,7;1;;;55;1;768;1;2588;1;920;1;;;91;1;;;;;;;;;0;1;0;1;0;1;0;1;0;1;;;;;;;;;;;;;;;4,9;1;4,7;9;;;;;;;;;;;;
13054001;19800503;0,6;1;;;11,9;1;;;22,0;1;;;16,7;1;16,95;1;8,5;1;9,7;1;;;10,1;1;17,0;1;1007,6;1;;;4,5;1;13,0;1;100;1;;;10,0;1;100;1;;;;;;;;;;;;;;;;;32;1;;;60;1;;;;;;;8,4;1;;;48;1;300;1;2028;1;1162;1;;;35;1;;;;;;;;;0;1;0;1;0;1;0;1;0;1;;;;;;;;;;;;;;;5,2;1;4,7;9;;;;;;;;;;;;
13054001;19800504;1,0;1;;;12,9;1;;;16,6;1;;;15,5;1;14,75;1;11,1;1;11,4;1;;;3,7;1;14,8;1;1002,5;1;;;5,6;1;16,0;1;120;1;;;12,0;1;100;1;;;;;;;;;;;;;;;;;34;1;;;87;1;;;;;;;9,7;1;;;74;1;0;1;769;1;702;1;;;0;1;;;;;;;;;0;1;0;1;0;1;0;1;0;1;;;;;;;;;;;;;;;3,3;1;3,1;9;;;;;;;;;;;;
13054001;19800505;0,0;1;;;12,4;1;;;21,7;1;;;15,9;1;17,05;1;9,7;1;10,8;1;;;9,3;1;17,1;1;1002,8;1;;;3,9;1;10,0;1;260;1;;;8,0;1;240;1;;;;;;;;;;;;;;;;;45;1;;;90;1;;;;;;;12,3;1;;;70;1;672;1;2519;1;883;1;;;79;1;;;;;;;;;0;1;0;1;0;1;0;1;0;1;;;;;;;;;;;;;;;4,6;1;4,3;9;;;;;;;;;;;;
13054001;19800506;2,2;1;;;13,0;1;;;15,7;1;;;14,2;1;14,35;1;10,7;1;11,5;1;;;2,7;1;14,4;1;1003,0;1;;;3,8;1;10,0;1;100;1;;;7,0;1;100;1;;;;;;;;;;;;;;;;;72;1;;;88;1;;;;;;;13,0;1;;;80;1;0;1;599;1;544;1;;;0;1;;;;;;;;;0;1;0;1;0;1;0;1;0;1;;;;;;;;;;;;;;;1,8;1;1,7;9;;;;;;;;;;;;
13054001;19800507;0,0;1;;;11,4;1;;;20,1;1;;;15,3;1;15,75;1;7,7;1;9,1;1;;;8,7;1;15,8;1;1006,7;1;;;4,4;1;11,0;1;240;1;;;9,0;1;240;1;;;;;;;;;;;;;;;;;42;1;;;91;1;;;;;;;11,1;1;;;72;1;744;1;2632;1;779;1;;;87;1;;;;;;;;;0;1;0;1;0;1;0;1;0;1;;;;;;;;;;;;;;;4,6;1;4,3;9;;;;;;;;;;;;
13054001;19800508;1,8;1;;;11,4;1;;;20,1;1;;;15,5;1;15,75;1;7,8;1;9,1;1;;;8,7;1;15,8;1;1008,1;1;;;5,0;1;13,0;1;280;1;;;11,0;1;280;1;;;;;;;;;;;;;;;;;47;1;;;92;1;;;;;;;11,7;1;;;65;1;462;1;1454;1;845;1;;;54;1;;;;;;;;;0;1;0;1;0;1;0;1;0;1;;;;;;;;;;;;;;;3,6;1;3,6;9;;;;;;;;;;;;
13054001;19800509;0,0;1;;;12,3;1;;;17,7;1;;;14,6;1;15,00;1;10,3;1;11,0;1;;;5,4;1;15,0;1;1014,9;1;;;11,9;1;24,0;1;320;1;;;20,0;1;320;1;;;;;;;;;;;;;;;;;42;1;;;70;1;;;;;;;9,3;1;;;57;1;804;1;2780;1;702;1;;;93;1;;;;;;;;;0;1;0;1;0;1;0;1;0;1;;;;;;;;;;;;;;;5,7;1;5,9;9;;;;;;;;;;;;
13054001;19800510;0,0;1;;;5,6;1;;;22,2;1;;;14,9;1;13,90;1;1,9;1;2,9;1;;;16,6;1;13,9;1;1018,6;1;;;3,4;1;11,0;1;80;1;;;8,0;1;60;1;;;;;;;;;;;;;;;;;30;1;;;80;1;;;;;;;7,7;1;;;58;1;780;1;2739;1;615;1;;;90;1;;;;;;;;;0;1;0;1;0;1;0;1;0;1;;;;;;;;;;;;;;;5,1;1;5,0;9;;;;;;;;;;;;
13054001;19800511;0,0;1;;;9,9;1;;;22,9;1;;;16,7;1;16,40;1;5,8;1;6,8;1;;;13,0;1;16,4;1;1020,1;1;;;2,1;1;6,0;1;180;1;;;5,0;1;180;1;;;;;;;;;;;;;;;;;36;1;;;76;1;;;;;;;9,7;1;;;56;1;576;1;2404;1;1121;1;;;66;1;;;;;;;;;0;1;0;1;0;1;0;1;0;1;;;;;;;;;;;;;;;4,4;1;4,2;9;;;;;;;;;;;;
13054001;19800512;0,0;1;;;12,9;1;;;22,4;1;;;17,8;1;17,65;1;8,9;1;10,5;1;;;9,5;1;17,7;1;1016,5;1;;;5,6;1;17,0;1;160;1;;;14,0;1;160;1;;;;;;;;;;;;;;;;;30;1;;;69;1;;;;;;;9,2;1;;;50;1;594;1;2389;1;910;1;;;68;1;;;;;;;;;0;1;0;1;0;1;0;1;0;1;;;;;;;;;;;;;;;5,9;1;5,4;9;;;;;;;;;;;;
13054001;19800513;5,0;1;;;13,8;1;;;18,7;1;;;16,4;1;16,25;1;12,6;1;12,7;1;;;4,9;1;16,3;1;;;;;6,6;1;17,0;1;120;1;;;12,0;1;140;1;;;;;;;;;;;;;;;;;44;1;;;86;1;;;;;;;11,5;1;;;70;1;318;1;1431;1;691;1;;;36;1;;;;;;;;;0;1;0;1;0;1;0;1;0;1;;;;;;;;;;;;;;;3,9;1;3,8;9;;;;;;;;;;;;
13054001;19800514;11,2;1;;;12,5;1;;;18,9;1;;;14,4;1;15,70;1;8,8;1;10,2;1;;;6,4;1;15,7;1;1014,6;1;;;4,3;1;13,0;1;60;1;;;11,0;1;60;1;;;;;;;;;;;;;;;;;58;1;;;89;1;;;;;;;12,8;1;;;77;1;102;1;841;1;672;1;;;11;1;;;;;;;;;0;1;0;1;1;1;0;1;0;1;;;;;;;;;;;;;;;2,6;1;2,4;9;;;;;;;;;;;;
13054001;19800515;0,0;1;;;10,1;1;;;21,0;1;;;14,9;1;15,55;1;6,1;1;8,0;1;;;10,9;1;15,6;1;1011,9;1;;;4,6;1;17,0;1;320;1;;;14,0;1;320;1;;;;;;;;;;;;;;;;;39;1;;;92;1;;;;;;;10,5;1;;;67;1;600;1;2209;1;1073;1;;;68;1;;;;;;;;;0;1;0;1;0;1;0;1;0;1;;;;;;;;;;;;;;;4,5;1;4,3;9;;;;;;;;;;;;
13054001;19800516;0,0;1;;;11,9;1;;;18,8;1;;;15,3;1;15,35;1;7,0;1;8,7;1;;;6,9;1;15,4;1;1013,6;1;;;9,6;1;18,0;1;320;1;;;15,0;1;320;1;;;;;;;;;;;;;;;;;29;1;;;65;1;;;;;;;7,7;1;;;40;1;738;1;2728;1;686;1;;;84;1;;;;;;;;;0;1;0;1;0;1;0;1;0;1;;;;;;;;;;;;;;;6,4;1;6,6;9;;;;;;;;;;;;
13054001;19800517;0,0;1;;;6,0;1;;;20,2;1;;;14,1;1;13,10;1;2,3;1;3,7;1;;;14,2;1;13,1;1;1015,5;1;;;2,8;1;8,0;1;180;1;;;7,0;1;180;1;;;;;;;;;;;;;;;;;29;1;;;76;1;;;;;;;7,0;1;;;50;1;570;1;2326;1;875;1;;;65;1;;;;;;;;;0;1;0;1;0;1;0;1;0;1;;;;;;;;;;;;;;;4,4;1;4,5;9;;;;;;;;;;;;
13054001;19800518;0,0;1;;;8,7;1;;;20,5;1;;;14,3;1;14,60;1;3,8;1;6,0;1;;;11,8;1;14,6;1;1012,5;1;;;3,6;1;10,0;1;180;1;;;8,0;1;180;1;;;;;;;;;;;;;;;;;36;1;;;76;1;;;;;;;8,6;1;;;60;1;480;1;2219;1;1136;1;;;54;1;;;;;;;;;0;1;0;1;0;1;0;1;0;1;;;;;;;;;;;;;;;4,5;1;4,3;9;;;;;;;;;;;;
13054001;19800519;2,6;1;;;9,7;1;;;22,3;1;;;14,4;1;16,00;1;5,0;1;7,2;1;;;12,6;1;16,0;1;1012,9;1;;;2,5;1;10,0;1;180;1;;;8,0;1;180;1;;;;;;;;;;;;;;;;;28;1;;;88;1;;;;;;;9,1;1;;;70;1;432;1;2105;1;919;1;;;49;1;;;;;;;;;0;1;0;1;1;1;0;1;0;1;;;;;;;;;;;;;;;4,3;1;4,0;9;;;;;;;;;;;;
13054001;19800520;0,0;1;;;8,8;1;;;23,9;1;;;16,4;1;16,35;1;4,7;1;6,6;1;;;15,1;1;16,4;1;1012,3;1;;;3,1;1;8,0;1;240;1;;;7,0;1;240;1;;;;;;;;;;;;;;;;;32;1;;;91;1;;;;;;;9,9;1;;;66;1;780;1;2751;1;1067;1;;;88;1;;;;;;;;;0;1;0;1;0;1;0;1;0;1;;;;;;;;;;;;;;;5,2;1;5,0;9;;;;;;;;;;;;
13054001;19800521;0,0;1;;;11,4;1;;;21,2;1;;;16,8;1;16,30;1;8,8;1;9,4;1;;;9,8;1;16,3;1;1010,3;1;;;4,1;1;12,0;1;240;1;;;10,0;1;240;1;;;;;;;;;;;;;;;;;45;1;;;87;1;;;;;;;11,5;1;;;64;1;456;1;2265;1;1164;1;;;51;1;;;;;;;;;0;1;0;1;0;1;0;1;0;1;;;;;;;;;;;;;;;4,4;1;4,3;9;;;;;;;;;;;;
13054001;19800522;15,0;1;;;12,2;1;;;16,6;1;;;13,8;1;14,40;1;9,2;1;10,2;1;;;4,4;1;14,4;1;1010,2;1;;;2,9;1;9,0;1;100;1;;;7,0;1;100;1;;;;;;;;;;;;;;;;;54;1;;;92;1;;;;;;;11,6;1;;;81;1;0;1;535;1;482;1;;;0;1;;;;;;;;;0;1;0;1;0;1;0;1;0;1;;;;;;;;;;;;;;;1,9;1;1,8;9;;;;;;;;;;;;
13054001;19800523;0,0;1;;;11,6;1;;;23,4;1;;;16,5;1;17,50;1;10,1;1;10,5;1;;;11,8;1;17,5;1;1009,4;1;;;4,1;1;14,0;1;320;1;;;9,0;1;320;1;;;;;;;;;;;;;;;;;38;1;;;93;1;;;;;;;11,8;1;;;67;1;402;1;1896;1;1297;1;;;45;1;;;;;;;;;0;1;0;1;0;1;0;1;0;1;;;;;;;;;;;;;;;4,5;1;4,2;9;;;;;;;;;;;;
13054001;19800524;0,0;1;;;10,9;1;;;23,0;1;;;17,5;1;16,95;1;7,9;1;8,9;1;;;12,1;1;17,0;1;1011,0;1;;;4,5;1;13,0;1;300;1;;;11,0;1;300;1;;;;;;;;;;;;;;;;;28;1;;;90;1;;;;;;;9,8;1;;;53;1;780;1;2767;1;841;1;;;87;1;;;;;;;;;0;1;0;1;0;1;0;1;0;1;;;;;;;;;;;;;;;5,7;1;5,8;9;;;;;;;;;;;;
13054001;19800525;0,0;1;;;9,3;1;;;21,4;1;;;16,2;1;15,35;1;6,0;1;7,0;1;;;12,1;1;15,4;1;1013,4;1;;;3,1;1;10,0;1;160;1;;;8,0;1;160;1;;;;;;;;;;;;;;;;;48;1;;;86;1;;;;;;;11,2;1;;;71;1;738;1;2715;1;953;1;;;83;1;;;;;;;;;0;1;0;1;0;1;0;1;0;1;;;;;;;;;;;;;;;4,6;1;4,6;9;;;;;;;;;;;;
13054001;19800526;0,0;1;;;12,3;1;;;22,0;1;;;16,9;1;17,15;1;9,2;1;10,5;1;;;9,7;1;17,2;1;1015,5;1;;;3,8;1;11,0;1;180;1;;;9,0;1;200;1;;;;;;;;;;;;;;;;;41;1;;;86;1;;;;;;;11,6;1;;;72;1;606;1;2441;1;1297;1;;;68;1;;;;;;;;;0;1;0;1;1;1;0;1;0;1;;;;;;;;;;;;;;;4,8;1;4,5;9;;;;;;;;;;;;
13054001;19800527;41,6;1;;;14,8;1;;;16,9;1;;;15,2;1;15,85;1;13,0;1;13,6;1;;;2,1;1;15,9;1;1012,6;1;;;1,5;1;7,0;1;80;1;;;5,0;1;80;1;;;;;;;;;;;;;;;;;70;1;;;94;1;;;;;;;14,7;1;;;86;1;0;1;522;1;464;1;;;0;1;;;;;;;;;0;1;0;1;1;1;0;1;0;1;;;;;;;;;;;;;;;1,5;1;1,5;9;;;;;;;;;;;;
13054001;19800528;8,2;1;;;12,9;1;;;18,6;1;;;15,0;1;15,75;1;11,7;1;11,9;1;;;5,7;1;15,8;1;1008,4;1;;;2,4;1;10,0;1;280;1;;;8,0;1;280;1;;;;;;;;;;;;;;;;;62;1;;;95;1;;;;;;;13,7;1;;;83;1;216;1;1295;1;912;1;;;24;1;;;;;;;;;0;1;0;1;1;1;0;1;0;1;;;;;;;;;;;;;;;2,6;1;2,6;9;;;;;;;;;;;;
13054001;19800529;0,0;1;;;11,7;1;;;19,2;1;;;15,4;1;15,45;1;9,2;1;10,0;1;;;7,5;1;15,5;1;1008,4;1;;;6,5;1;17,0;1;240;1;;;14,0;1;240;1;;;;;;;;;;;;;;;;;46;1;;;88;1;;;;;;;11,2;1;;;61;1;744;1;2923;1;584;1;;;83;1;;;;;;;;;0;1;0;1;0;1;0;1;0;1;;;;;;;;;;;;;;;5,0;1;4,8;9;;;;;;;;;;;;
13054001;19800530;0,0;1;;;10,2;1;;;17,8;1;;;14,7;1;14,00;1;8,3;1;9,0;1;;;7,6;1;14,0;1;1010,3;1;;;11,1;1;22,0;1;320;1;;;18,0;1;320;1;;;;;;;;;;;;;;;;;40;1;;;74;1;;;;;;;8,7;1;;;54;1;792;1;2633;1;813;1;;;88;1;;;;;;;;;0;1;0;1;0;1;0;1;0;1;;;;;;;;;;;;;;;5,5;1;5,5;9;;;;;;;;;;;;
13054001;19800531;0,0;1;;;10,9;1;;;20,2;1;;;15,5;1;15,55;1;8,2;1;9,1;1;;;9,3;1;15,6;1;1012,4;1;;;6,6;1;17,0;1;320;1;;;14,0;1;320;1;;;;;;;;;;;;;;;;;42;1;;;69;1;;;;;;;9,5;1;;;56;1;330;1;2265;1;1164;1;;;36;1;;;;;;;;;0;1;0;1;0;1;0;1;0;1;;;;;;;;;;;;;;;5,2;1;5,1;9;;;;;;;;;;;;
13054001;19800601;0,0;1;;;13,4;1;;;19,8;1;;;16,9;1;16,60;1;11,2;1;12,0;1;;;6,4;1;16,6;1;1016,5;1;;;12,1;1;22,0;1;340;1;;;18,0;1;340;1;;;;;;;;;;;;;;;;;34;1;;;60;1;;;;;;;8,5;1;;;47;1;876;1;3081;1;446;1;;;97;1;;;;;;;;;0;1;0;1;0;1;0;1;0;1;;;;;;;;;;;;;;;7,2;1;7,0;9;;;;;;;;;;;;
13054001;19800602;0,0;1;;;13,2;1;;;21,0;1;;;17,3;1;17,10;1;10,3;1;11,4;1;;;7,8;1;17,1;1;1020,6;1;;;13,1;1;22,0;1;320;1;;;18,0;1;320;1;;;;;;;;;;;;;;;;;40;1;;;63;1;;;;;;;9,8;1;;;51;1;822;1;2954;1;566;1;;;91;1;;;;;;;;;0;1;0;1;0;1;0;1;0;1;;;;;;;;;;;;;;;7,1;1;7,0;9;;;;;;;;;;;;
13054001;19800603;0,0;1;;;9,2;1;;;25,1;1;;;19,1;1;17,15;1;6,4;1;8,1;1;;;15,9;1;17,2;1;1022,3;1;;;4,6;1;10,0;1;360;1;;;8,0;1;360;1;;;;;;;;;;;;;;;;;29;1;;;74;1;;;;;;;8,9;1;;;47;1;852;1;2931;1;558;1;;;94;1;;;;;;;;;0;1;0;1;0;1;0;1;0;1;;;;;;;;;;;;;;;6,4;1;6,2;9;;;;;;;;;;;;
13054001;19800604;0,0;1;;;12,0;1;;;29,1;1;;;19,2;1;20,55;1;8,5;1;10,0;1;;;17,1;1;20,6;1;1016,8;1;;;3,9;1;12,0;1;180;1;;;10,0;1;200;1;;;;;;;;;;;;;;;;;38;1;;;86;1;;;;;;;13,7;1;;;64;1;774;1;2780;1;650;1;;;85;1;;;;;;;;;0;1;0;1;0;1;0;1;0;1;;;;;;;;;;;;;;;6,3;1;6,0;9;;;;;;;;;;;;
13054001;19800605;0,0;1;;;12,9;1;;;24,1;1;;;18,8;1;18,50;1;9,4;1;10,7;1;;;11,2;1;18,5;1;1016,2;1;;;3,3;1;9,0;1;260;1;;;8,0;1;260;1;;;;;;;;;;;;;;;;;52;1;;;89;1;;;;;;;14,4;1;;;73;1;798;1;2870;1;725;1;;;88;1;;;;;;;;;0;1;0;1;0;1;0;1;0;1;;;;;;;;;;;;;;;5,1;1;4,9;9;;;;;;;;;;;;
13054001;19800606;0,0;1;;;15,6;1;;;28,8;1;;;22,5;1;22,20;1;12,5;1;13,2;1;;;13,2;1;22,2;1;1011,4;1;;;6,9;1;14,0;1;320;1;;;12,0;1;340;1;;;;;;;;;;;;;;;;;41;1;;;91;1;;;;;;;16,2;1;;;62;1;804;1;2769;1;784;1;;;88;1;;;;;;;;;0;1;0;1;0;1;0;1;0;1;;;;;;;;;;;;;;;6,9;1;6,7;9;;;;;;;;;;;;
13054001;19800607;0,0;1;;;16,1;1;;;22,4;1;;;19,2;1;19,25;1;14,1;1;14,8;1;;;6,3;1;19,3;1;1010,4;1;;;4,4;1;9,0;1;200;1;;;8,0;1;180;1;;;;;;;;;;;;;;;;;62;1;;;91;1;;;;;;;16,7;1;;;78;1;60;1;1311;1;1137;1;;;6;1;;;;;;;;;0;1;0;1;0;1;0;1;0;1;;;;;;;;;;;;;;;3,2;1;2,9;9;;;;;;;;;;;;
13054001;19800608;0,0;1;;;16,8;1;;;25,9;1;;;20,4;1;21,35;1;15,4;1;15,8;1;;;9,1;1;21,4;1;1007,9;1;;;4,1;1;8,0;1;280;1;;;7,0;1;320;1;;;;;;;;;;;;;;;;;36;1;;;89;1;;;;;;;14,5;1;;;64;1;516;1;2437;1;1261;1;;;56;1;;;;;;;;;0;1;0;1;0;1;0;1;0;1;;;;;;;;;;;;;;;5,6;1;5,3;9;;;;;;;;;;;;
13054001;19800609;4,2;1;;;16,5;1;;;22,5;1;;;19,0;1;19,50;1;14,0;1;14,8;1;;;6,0;1;19,5;1;1007,2;1;;;3,6;1;10,0;1;200;1;;;9,0;1;200;1;;;;;;;;;;;;;;;;;49;1;;;86;1;;;;;;;14,7;1;;;70;1;576;1;2465;1;1262;1;;;63;1;;;;;;;;;0;1;0;1;0;1;0;1;0;1;;;;;;;;;;;;;;;4,8;1;4,7;9;;;;;;;;;;;;
13054001;19800610;2,8;1;;;14,3;1;;;22,9;1;;;18,6;1;18,60;1;13,1;1;13,4;1;;;8,6;1;18,6;1;1009,0;1;;;6,4;1;14,0;1;300;1;;;12,0;1;280;1;;;;;;;;;;;;;;;;;46;1;;;91;1;;;;;;;13,8;1;;;69;1;648;1;2627;1;599;1;;;71;1;;;;;;;;;0;1;0;1;0;1;0;1;0;1;;;;;;;;;;;;;;;5,4;1;5,2;9;;;;;;;;;;;;
13054001;19800611;0,0;1;;;12,9;1;;;24,9;1;;;19,0;1;18,90;1;10,0;1;11,3;1;;;12,0;1;18,9;1;1014,7;1;;;3,0;1;9,0;1;200;1;;;7,0;1;200;1;;;;;;;;;;;;;;;;;39;1;;;87;1;;;;;;;12,6;1;;;59;1;648;1;2639;1;750;1;;;71;1;;;;;;;;;0;1;0;1;0;1;0;1;0;1;;;;;;;;;;;;;;;5,3;1;5,0;9;;;;;;;;;;;;
13054001;19800612;0,0;1;;;15,7;1;;;28,0;1;;;21,6;1;21,85;1;12,0;1;13,4;1;;;12,3;1;21,9;1;1015,3;1;;;4,5;1;15,0;1;180;1;;;11,0;1;180;1;;;;;;;;;;;;;;;;;29;1;;;77;1;;;;;;;12,3;1;;;55;1;834;1;2822;1;788;1;;;91;1;;;;;;;;;0;1;0;1;0;1;0;1;0;1;;;;;;;;;;;;;;;6,9;1;6,5;9;;;;;;;;;;;;
13054001;19800613;0,0;1;;;16,7;1;;;30,8;1;;;23,1;1;23,75;1;14,0;1;15,0;1;;;14,1;1;23,8;1;1014,9;1;;;5,0;1;17,0;1;120;1;;;13,0;1;120;1;;;;;;;;;;;;;;;;;25;1;;;79;1;;;;;;;13,1;1;;;49;1;582;1;2368;1;1001;1;;;63;1;;;;;;;;;0;1;0;1;0;1;0;1;0;1;;;;;;;;;;;;;;;7,3;1;6,8;9;;;;;;;;;;;;
13054001;19800614;0,0;1;;;17,8;1;;;26,6;1;;;22,1;1;22,20;1;14,0;1;15,4;1;;;8,8;1;22,2;1;1016,3;1;;;5,3;1;17,0;1;180;1;;;12,0;1;180;1;;;;;;;;;;;;;;;;;42;1;;;83;1;;;;;;;15,8;1;;;63;1;762;1;2671;1;1091;1;;;83;1;;;;;;;;;0;1;0;1;0;1;0;1;0;1;;;;;;;;;;;;;;;6,3;1;6,0;9;;;;;;;;;;;;
13054001;19800615;0,0;1;;;15,7;1;;;27,1;1;;;21,4;1;21,40;1;12,0;1;13,1;1;;;11,4;1;21,4;1;1020,0;1;;;4,4;1;9,0;1;80;1;;;8,0;1;240;1;;;;;;;;;;;;;;;;;37;1;;;81;1;;;;;;;13,9;1;;;60;1;864;1;2971;1;601;1;;;94;1;;;;;;;;;0;1;0;1;0;1;0;1;0;1;;;;;;;;;;;;;;;6,6;1;6,1;9;;;;;;;;;;;;
13054001;19800616;0,0;1;;;14,9;1;;;27,8;1;;;21,8;1;21,35;1;10,8;1;12,2;1;;;12,9;1;21,4;1;1019,1;1;;;3,3;1;9,0;1;240;1;;;8,0;1;240;1;;;;;;;;;;;;;;;;;30;1;;;85;1;;;;;;;12,8;1;;;61;1;816;1;2803;1;744;1;;;89;1;;;;;;;;;0;1;0;1;0;1;0;1;0;1;;;;;;;;;;;;;;;6,2;1;5,8;9;;;;;;;;;;;;
13054001;19800617;0,0;1;;;16,1;1;;;24,9;1;;;20,1;1;20,50;1;13,0;1;14,0;1;;;8,8;1;20,5;1;1015,4;1;;;6,1;1;18,0;1;300;1;;;13,0;1;300;1;;;;;;;;;;;;;;;;;38;1;;;89;1;;;;;;;14,1;1;;;61;1;516;1;2319;1;907;1;;;56;1;;;;;;;;;0;1;0;1;0;1;0;1;0;1;;;;;;;;;;;;;;;5,8;1;5,8;9;;;;;;;;;;;;
13054001;19800618;0,0;1;;;16,5;1;;;24,9;1;;;20,5;1;20,70;1;15,0;1;15,3;1;;;8,4;1;20,7;1;1014,9;1;;;8,9;1;19,0;1;340;1;;;15,0;1;320;1;;;;;;;;;;;;;;;;;43;1;;;69;1;;;;;;;13,2;1;;;55;1;768;1;2905;1;574;1;;;84;1;;;;;;;;;0;1;0;1;0;1;0;1;0;1;;;;;;;;;;;;;;;7,2;1;7,0;9;;;;;;;;;;;;
13054001;19800619;0,0;1;;;17,4;1;;;27,1;1;;;22,5;1;22,25;1;16,0;1;16,5;1;;;9,7;1;22,3;1;1014,1;1;;;8,8;1;18,0;1;320;1;;;15,0;1;320;1;;;;;;;;;;;;;;;;;38;1;;;78;1;;;;;;;14,6;1;;;56;1;876;1;3011;1;387;1;;;95;1;;;;;;;;;0;1;0;1;0;1;0;1;0;1;;;;;;;;;;;;;;;7,7;1;7,6;9;;;;;;;;;;;;
13054001;19800620;0,0;1;;;18,8;1;;;24,9;1;;;21,5;1;21,85;1;17,0;1;19,3;1;;;6,1;1;21,9;1;1014,3;1;;;8,9;1;18,0;1;340;1;;;12,0;1;340;1;;;;;;;;;;;;;;;;;37;1;;;72;1;;;;;;;13,6;1;;;50;1;720;1;2728;1;890;1;;;78;1;;;;;;;;;0;1;0;1;0;1;0;1;0;1;;;;;;;;;;;;;;;7,4;1;7,1;9;;;;;;;;;;;;
13054001;19800621;0,0;1;;;15,9;1;;;24,8;1;;;19,2;1;20,35;1;14,2;1;14,6;1;;;8,9;1;20,4;1;1013,2;1;;;8,8;1;16,0;1;340;1;;;12,0;1;340;1;;;;;;;;;;;;;;;;;30;1;;;71;1;;;;;;;11,1;1;;;51;1;738;1;2838;1;763;1;;;80;1;;;;;;;;;0;1;0;1;0;1;0;1;0;1;;;;;;;;;;;;;;;7,7;1;6,9;9;;;;;;;;;;;;
13054001;19800622;0,0;1;;;14,5;1;;;22,9;1;;;18,4;1;18,70;1;11,3;1;12,0;1;;;8,4;1;18,7;1;;;;;3,6;1;8,0;1;340;1;;;7,0;1;300;1;;;;;;;;;;;;;;;;;32;1;;;80;1;;;;;;;11,1;1;;;57;1;396;1;2207;1;1318;1;;;43;1;;;;;;;;;0;1;0;1;0;1;0;1;0;1;;;;;;;;;;;;;;;5,1;1;4,7;9;;;;;;;;;;;;
13054001;19800623;10,8;1;;;14,2;1;;;21,0;1;;;17,4;1;17,60;1;11,2;1;12,0;1;;;6,8;1;17,6;1;1012,8;1;;;4,9;1;13,0;1;340;1;;;10,0;1;340;1;;;;;;;;;;;;;;;;;50;1;;;92;1;;;;;;;13,7;1;;;72;1;318;1;1144;1;594;1;;;34;1;;;;;;;;;0;1;0;1;0;1;0;1;0;1;;;;;;;;;;;;;;;3,4;1;3,1;9;;;;;;;;;;;;
13054001;19800624;0,0;1;;;12,8;1;;;20,9;1;;;17,2;1;16,85;1;8,9;1;9,7;1;;;8,1;1;16,9;1;1015,0;1;;;3,4;1;9,0;1;300;1;;;8,0;1;300;1;;;;;;;;;;;;;;;;;51;1;;;84;1;;;;;;;12,5;1;;;67;1;378;1;1678;1;1173;1;;;41;1;;;;;;;;;0;1;0;1;0;1;0;1;0;1;;;;;;;;;;;;;;;3,7;1;3,6;9;;;;;;;;;;;;
13054001;19800625;0,4;1;;;13,4;1;;;22,8;1;;;17,7;1;18,10;1;11,6;1;12,9;1;;;9,4;1;18,1;1;1013,8;1;;;5,5;1;13,0;1;260;1;;;11,0;1;260;1;;;;;;;;;;;;;;;;;46;1;;;85;1;;;;;;;12,9;1;;;69;1;564;1;2444;1;764;1;;;61;1;;;;;;;;;0;1;0;1;0;1;0;1;0;1;;;;;;;;;;;;;;;5,2;1;4,8;9;;;;;;;;;;;;
13054001;19800626;0,0;1;;;15,8;1;;;23,4;1;;;19,2;1;19,60;1;11,5;1;12,4;1;;;7,6;1;19,6;1;1013,5;1;;;6,9;1;16,0;1;300;1;;;13,0;1;300;1;;;;;;;;;;;;;;;;;37;1;;;86;1;;;;;;;13,0;1;;;58;1;576;1;2405;1;977;1;;;63;1;;;;;;;;;0;1;0;1;0;1;0;1;0;1;;;;;;;;;;;;;;;5,9;1;5,4;9;;;;;;;;;;;;
13054001;19800627;0,0;1;;;13,8;1;;;21,3;1;;;17,9;1;17,55;1;12,0;1;12,6;1;;;7,5;1;17,6;1;1015,6;1;;;12,0;1;21,0;1;340;1;;;18,0;1;340;1;;;;;;;;;;;;;;;;;36;1;;;64;1;;;;;;;9,6;1;;;49;1;858;1;2977;1;553;1;;;94;1;;;;;;;;;0;1;0;1;0;1;0;1;0;1;;;;;;;;;;;;;;;7,3;1;7,2;9;;;;;;;;;;;;
13054001;19800628;0,0;1;;;15,2;1;;;24,8;1;;;19,6;1;20,00;1;12,7;1;13,3;1;;;9,6;1;20,0;1;1016,7;1;;;9,0;1;16,0;1;320;1;;;13,0;1;320;1;;;;;;;;;;;;;;;;;31;1;;;68;1;;;;;;;10,7;1;;;51;1;828;1;3005;1;481;1;;;90;1;;;;;;;;;0;1;0;1;0;1;0;1;0;1;;;;;;;;;;;;;;;7,8;1;7,3;9;;;;;;;;;;;;
13054001;19800629;0,0;1;;;16,2;1;;;24,4;1;;;20,6;1;20,30;1;12,2;1;13,4;1;;;8,2;1;20,3;1;1012,7;1;;;8,1;1;15,0;1;260;1;;;12,0;1;260;1;;;;;;;;;;;;;;;;;44;1;;;73;1;;;;;;;13,4;1;;;58;1;678;1;2719;1;834;1;;;74;1;;;;;;;;;0;1;0;1;0;1;0;1;0;1;;;;;;;;;;;;;;;6,6;1;6,0;9;;;;;;;;;;;;
13054001;19800630;0,0;1;;;15,7;1;;;25,3;1;;;20,1;1;20,50;1;14,0;1;14,4;1;;;9,6;1;20,5;1;1012,7;1;;;7,1;1;14,0;1;320;1;;;11,0;1;320;1;;;;;;;;;;;;;;;;;28;1;;;78;1;;;;;;;11,5;1;;;54;1;786;1;2853;1;732;1;;;86;1;;;;;;;;;0;1;0;1;0;1;0;1;0;1;;;;;;;;;;;;;;;7,3;1;6,9;9;;;;;;;;;;;;
13054001;19800701;0,0;1;;;13,6;1;;;23,3;1;;;19,5;1;18,45;1;10,5;1;11,5;1;;;9,7;1;18,5;1;1012,5;1;;;6,3;1;15,0;1;240;1;;;12,0;1;240;1;;;;;;;;;;;;;;;;;42;1;;;84;1;;;;;;;12,5;1;;;61;1;702;1;2757;1;787;1;;;77;1;;;;;;;;;0;1;0;1;0;1;0;1;0;1;;;;;;;;;;;;;;;5,8;1;5,4;9;;;;;;;;;;;;
13054001;19800702;0,0;1;;;15,5;1;;;23,0;1;;;19,4;1;19,25;1;14,0;1;14,7;1;;;7,5;1;19,3;1;1014,0;1;;;12,0;1;20,0;1;320;1;;;15,0;1;320;1;;;;;;;;;;;;;;;;;33;1;;;68;1;;;;;;;10,6;1;;;46;1;870;1;2999;1;509;1;;;95;1;;;;;;;;;0;1;0;1;0;1;0;1;0;1;;;;;;;;;;;;;;;7,8;1;7,4;9;;;;;;;;;;;;
13054001;19800703;0,0;1;;;15,9;1;;;24,5;1;;;20,3;1;20,20;1;14,2;1;15,0;1;;;8,6;1;20,2;1;1013,5;1;;;12,0;1;22,0;1;320;1;;;18,0;1;320;1;;;;;;;;;;;;;;;;;36;1;;;65;1;;;;;;;11,4;1;;;49;1;810;1;2955;1;604;1;;;89;1;;;;;;;;;0;1;0;1;0;1;0;1;0;1;;;;;;;;;;;;;;;8,1;1;7,9;9;;;;;;;;;;;;
13054001;19800704;0,0;1;;;14,8;1;;;28,8;1;;;21,7;1;21,80;1;11,3;1;12,3;1;;;14,0;1;21,8;1;1014,5;1;;;4,5;1;10,0;1;260;1;;;9,0;1;260;1;;;;;;;;;;;;;;;;;27;1;;;67;1;;;;;;;11,0;1;;;51;1;786;1;3015;1;655;1;;;86;1;;;;;;;;;0;1;0;1;0;1;0;1;0;1;;;;;;;;;;;;;;;7,4;1;7,0;9;;;;;;;;;;;;
13054001;19800705;0,0;1;;;15,6;1;;;28,0;1;;;22,3;1;21,80;1;12,2;1;13,4;1;;;12,4;1;21,8;1;1013,2;1;;;3,1;1;9,0;1;240;1;;;8,0;1;240;1;;;;;;;;;;;;;;;;;33;1;;;72;1;;;;;;;12,6;1;;;50;1;810;1;2930;1;521;1;;;89;1;;;;;;;;;0;1;0;1;0;1;0;1;0;1;;;;;;;;;;;;;;;6,4;1;6,1;9;;;;;;;;;;;;
13054001;19800706;0,0;1;;;17,9;1;;;25,4;1;;;21,6;1;21,65;1;15,0;1;16,0;1;;;7,5;1;21,7;1;1015,2;1;;;2,9;1;8,0;1;200;1;;;7,0;1;200;1;;;;;;;;;;;;;;;;;47;1;;;78;1;;;;;;;15,6;1;;;63;1;432;1;2241;1;1459;1;;;47;1;;;;;;;;;0;1;0;1;0;1;0;1;0;1;;;;;;;;;;;;;;;4,9;1;4,6;9;;;;;;;;;;;;
13054001;19800707;0,0;1;;;15,6;1;;;28,7;1;;;22,1;1;22,15;1;11,8;1;13,1;1;;;13,1;1;22,2;1;1015,0;1;;;3,6;1;10,0;1;140;1;;;8,0;1;140;1;;;;;;;;;;;;;;;;;34;1;;;84;1;;;;;;;14,1;1;;;62;1;702;1;2814;1;871;1;;;77;1;;;;;;;;;0;1;0;1;0;1;0;1;0;1;;;;;;;;;;;;;;;6,4;1;5,9;9;;;;;;;;;;;;
13054001;19800708;3,4;1;;;18,9;1;;;21,5;1;;;20,0;1;20,20;1;16,3;1;17,0;1;;;2,6;1;20,2;1;1008,9;1;;;5,6;1;13,0;1;140;1;;;10,0;1;140;1;;;;;;;;;;;;;;;;;73;1;;;93;1;;;;;;;19,5;1;;;82;1;0;1;531;1;479;1;;;0;1;;;;;;;;;0;1;0;1;1;1;0;1;0;1;;;;;;;;;;;;;;;2,1;1;1,9;9;;;;;;;;;;;;
13054001;19800709;0,0;1;;;16,1;1;;;24,8;1;;;19,8;1;20,45;1;14,4;1;15,0;1;;;8,7;1;20,5;1;1006,4;1;;;6,8;1;15,0;1;240;1;;;10,0;1;240;1;;;;;;;;;;;;;;;;;34;1;;;83;1;;;;;;;12,9;1;;;59;1;660;1;2574;1;834;1;;;73;1;;;;;;;;;0;1;0;1;0;1;0;1;0;1;;;;;;;;;;;;;;;6,5;1;6,1;9;;;;;;;;;;;;
13054001;19800710;0,0;1;;;15,3;1;;;24,1;1;;;19,4;1;19,70;1;13,3;1;14,1;1;;;8,8;1;19,7;1;1015,1;1;;;9,9;1;18,0;1;320;1;;;15,0;1;320;1;;;;;;;;;;;;;;;;;38;1;;;75;1;;;;;;;12,2;1;;;53;1;798;1;2611;1;1001;1;;;88;1;;;;;;;;;0;1;0;1;0;1;0;1;0;1;;;;;;;;;;;;;;;6,9;1;6,7;9;;;;;;;;;;;;
13054001;19800711;0,0;1;;;15,8;1;;;23,6;1;;;19,6;1;19,70;1;14,1;1;14,8;1;;;7,8;1;19,7;1;1019,4;1;;;12,9;1;22,0;1;320;1;;;18,0;1;320;1;;;;;;;;;;;;;;;;;37;1;;;70;1;;;;;;;11,7;1;;;51;1;810;1;2835;1;886;1;;;90;1;;;;;;;;;0;1;0;1;0;1;0;1;0;1;;;;;;;;;;;;;;;7,7;1;7,5;9;;;;;;;;;;;;
13054001;19800712;0,0;1;;;16,4;1;;;25,8;1;;;20,7;1;21,10;1;14,4;1;15,1;1;;;9,4;1;21,1;1;1019,9;1;;;10,5;1;18,0;1;320;1;;;16,0;1;320;1;;;;;;;;;;;;;;;;;33;1;;;56;1;;;;;;;10,7;1;;;46;1;840;1;2901;1;840;1;;;93;1;;;;;;;;;0;1;0;1;0;1;0;1;0;1;;;;;;;;;;;;;;;8,6;1;8,1;9;;;;;;;;;;;;
13054001;19800713;0,0;1;;;17,0;1;;;26,3;1;;;20,5;1;21,65;1;15,1;1;15,9;1;;;9,3;1;21,7;1;1018,6;1;;;9,9;1;20,0;1;320;1;;;15,0;1;320;1;;;;;;;;;;;;;;;;;27;1;;;74;1;;;;;;;11,8;1;;;54;1;822;1;2876;1;718;1;;;91;1;;;;;;;;;0;1;0;1;0;1;0;1;0;1;;;;;;;;;;;;;;;8,4;1;7,5;9;;;;;;;;;;;;
13054001;19800714;0,0;1;;;14,7;1;;;26,4;1;;;20,7;1;20,55;1;11,2;1;12,3;1;;;11,7;1;20,6;1;1015,7;1;;;4,0;1;10,0;1;200;1;;;8,0;1;180;1;;;;;;;;;;;;;;;;;39;1;;;81;1;;;;;;;13,5;1;;;65;1;804;1;2821;1;861;1;;;89;1;;;;;;;;;0;1;0;1;0;1;0;1;0;1;;;;;;;;;;;;;;;6,0;1;5,5;9;;;;;;;;;;;;
13054001;19800715;2,0;1;;;18,3;1;;;25,9;1;;;21,2;1;22,10;1;16,1;1;16,9;1;;;7,6;1;22,1;1;1012,6;1;;;5,0;1;11,0;1;180;1;;;9,0;1;180;1;;;;;;;;;;;;;;;;;35;1;;;91;1;;;;;;;15,4;1;;;63;1;372;1;2034;1;1341;1;;;41;1;;;;;;;;;0;1;0;1;0;1;0;1;0;1;;;;;;;;;;;;;;;5,5;1;4,8;9;;;;;;;;;;;;
13054001;19800716;0,2;1;;;18,1;1;;;26,0;1;;;20,9;1;22,05;1;16,4;1;16,8;1;;;7,9;1;22,1;1;1013,2;1;;;7,4;1;17,0;1;340;1;;;13,0;1;320;1;;;;;;;;;;;;;;;;;39;1;;;93;1;;;;;;;16,2;1;;;66;1;324;1;1952;1;1148;1;;;36;1;;;;;;;;;0;1;0;1;0;1;0;1;0;1;;;;;;;;;;;;;;;5,7;1;5,5;9;;;;;;;;;;;;
13054001;19800717;0,0;1;;;15,1;1;;;26,1;1;;;20,7;1;20,60;1;12,0;1;12,7;1;;;11,0;1;20,6;1;1016,8;1;;;7,3;1;13,0;1;320;1;;;10,0;1;320;1;;;;;;;;;;;;;;;;;36;1;;;59;1;;;;;;;11,1;1;;;46;1;834;1;2844;1;525;1;;;93;1;;;;;;;;;0;1;0;1;0;1;0;1;0;1;;;;;;;;;;;;;;;7,5;1;7,5;9;;;;;;;;;;;;
13054001;19800718;0,0;1;;;13,9;1;;;29,1;1;;;20,8;1;21,50;1;9,0;1;10,3;1;;;15,2;1;21,5;1;1018,4;1;;;4,6;1;13,0;1;240;1;;;11,0;1;260;1;;;;;;;;;;;;;;;;;27;1;;;71;1;;;;;;;11,1;1;;;52;1;798;1;2850;1;560;1;;;89;1;;;;;;;;;0;1;0;1;0;1;0;1;0;1;;;;;;;;;;;;;;;7,2;1;7,1;9;;;;;;;;;;;;
13054001;19800719;0,0;1;;;15,1;1;;;29,5;1;;;22,2;1;22,30;1;11,0;1;12,2;1;;;14,4;1;22,3;1;1015,1;1;;;3,4;1;11,0;1;240;1;;;10,0;1;240;1;;;;;;;;;;;;;;;;;27;1;;;80;1;;;;;;;12,4;1;;;52;1;810;1;2843;1;437;1;;;91;1;;;;;;;;;0;1;0;1;0;1;0;1;0;1;;;;;;;;;;;;;;;6,6;1;6,4;9;;;;;;;;;;;;
13054001;19800720;0,0;1;;;17,3;1;;;25,6;1;;;21,8;1;21,45;1;13,9;1;15,0;1;;;8,3;1;21,5;1;1009,8;1;;;6,4;1;22,0;1;300;1;;;17,0;1;300;1;;;;;;;;;;;;;;;;;40;1;;;76;1;;;;;;;14,1;1;;;55;1;654;1;2368;1;959;1;;;73;1;;;;;;;;;0;1;0;1;0;1;0;1;0;1;;;;;;;;;;;;;;;6,2;1;5,8;9;;;;;;;;;;;;
13054001;19800721;0,0;1;;;16,7;1;;;23,4;1;;;20,1;1;20,05;1;14,9;1;15,3;1;;;6,7;1;20,1;1;1014,5;1;;;13,4;1;25,0;1;320;1;;;21,0;1;320;1;;;;;;;;;;;;;;;;;33;1;;;53;1;;;;;;;9,8;1;;;42;1;816;1;2905;1;473;1;;;92;1;;;;;;;;;0;1;0;1;0;1;0;1;0;1;;;;;;;;;;;;;;;8,7;1;8,8;9;;;;;;;;;;;;
13054001;19800722;0,0;1;;;13,2;1;;;29,4;1;;;21,2;1;21,30;1;9,0;1;9,7;1;;;16,2;1;21,3;1;1016,0;1;;;4,8;1;10,0;1;340;1;;;9,0;1;340;1;;;;;;;;;;;;;;;;;19;1;;;52;1;;;;;;;7,8;1;;;;;840;1;2885;1;378;1;;;95;1;;;;;;;;;0;1;0;1;0;1;0;1;0;1;;;;;;;;;;;;;;;7,9;1;7,3;9;;;;;;;;;;;;
13054001;19800723;0,0;1;;;13,8;1;;;25,6;1;;;20,3;1;19,70;1;10,0;1;10,6;1;;;11,8;1;19,7;1;1016,6;1;;;3,5;1;9,0;1;220;1;;;7,0;1;200;1;;;;;;;;;;;;;;;;;50;1;;;87;1;;;;;;;15,1;1;;;67;1;762;1;2722;1;801;1;;;86;1;;;;;;;;;0;1;0;1;0;1;0;1;0;1;;;;;;;;;;;;;;;5,2;1;5,0;9;;;;;;;;;;;;
13054001;19800724;0,0;1;;;18,6;1;;;30,8;1;;;23,2;1;24,70;1;17,6;1;17,8;1;;;12,2;1;24,7;1;1015,4;1;;;3,9;1;11,0;1;180;1;;;8,0;1;200;1;;;;;;;;;;;;;;;;;35;1;;;94;1;;;;;;;17,8;1;;;70;1;756;1;2739;1;611;1;;;86;1;;;;;;;;;0;1;0;1;0;1;0;1;0;1;;;;;;;;;;;;;;;6,6;1;5,8;9;;;;;;;;;;;;
13054001;19800725;0,0;1;;;16,8;1;;;26,9;1;;;21,4;1;21,85;1;14,0;1;14,7;1;;;10,1;1;21,9;1;1014,2;1;;;3,1;1;9,0;1;220;1;;;8,0;1;220;1;;;;;;;;;;;;;;;;;55;1;;;87;1;;;;;;;18,1;1;;;74;1;774;1;2735;1;726;1;;;88;1;;;;;;;;;0;1;0;1;0;1;0;1;0;1;;;;;;;;;;;;;;;5,3;1;5,0;9;;;;;;;;;;;;
13054001;19800726;0,0;1;;;19,4;1;;;25,6;1;;;22,0;1;22,50;1;18,0;1;18,4;1;;;6,2;1;22,5;1;1010,6;1;;;2,9;1;9,0;1;300;1;;;7,0;1;300;1;;;;;;;;;;;;;;;;;54;1;;;82;1;;;;;;;18,1;1;;;67;1;534;1;2398;1;1029;1;;;61;1;;;;;;;;;0;1;0;1;0;1;0;1;0;1;;;;;;;;;;;;;;;4,9;1;4,8;9;;;;;;;;;;;;
13054001;19800727;0,0;1;;;20,6;1;;;29,7;1;;;23,9;1;25,15;1;18,0;1;18,6;1;;;9,1;1;25,2;1;1011,2;1;;;7,4;1;13,0;1;240;1;;;11,0;1;240;1;;;;;;;;;;;;;;;;;41;1;;;67;1;;;;;;;16,7;1;;;56;1;792;1;2729;1;562;1;;;90;1;;;;;;;;;0;1;0;1;0;1;0;1;0;1;;;;;;;;;;;;;;;7,9;1;6,9;9;;;;;;;;;;;;
13054001;19800728;0,0;1;;;17,2;1;;;28,8;1;;;22,3;1;23,00;1;13,2;1;14,5;1;;;11,6;1;23,0;1;1013,4;1;;;3,3;1;9,0;1;200;1;;;7,0;1;200;1;;;;;;;;;;;;;;;;;39;1;;;88;1;;;;;;;16,4;1;;;68;1;792;1;2795;1;441;1;;;90;1;;;;;;;;;0;1;0;1;0;1;0;1;0;1;;;;;;;;;;;;;;;6,0;1;5,5;9;;;;;;;;;;;;
13054001;19800729;0,0;1;;;17,2;1;;;26,2;1;;;22,0;1;21,70;1;13,7;1;14,7;1;;;9,0;1;21,7;1;1013,2;1;;;3,0;1;7,0;1;200;1;;;6,0;1;80;1;;;;;;;;;;;;;;;;;49;1;;;91;1;;;;;;;17,3;1;;;71;1;756;1;2602;1;783;1;;;87;1;;;;;;;;;0;1;0;1;0;1;0;1;0;1;;;;;;;;;;;;;;;5,1;1;4,9;9;;;;;;;;;;;;
13054001;19800730;0,0;1;;;19,4;1;;;30,6;1;;;24,4;1;25,00;1;16,8;1;17,5;1;;;11,2;1;25,0;1;1015,6;1;;;5,1;1;11,0;1;260;1;;;9,0;1;260;1;;;;;;;;;;;;;;;;;32;1;;;89;1;;;;;;;17,1;1;;;54;1;792;1;2692;1;456;1;;;91;1;;;;;;;;;0;1;0;1;0;1;0;1;0;1;;;;;;;;;;;;;;;7,1;1;6,9;9;;;;;;;;;;;;
13054001;19800731;0,0;1;;;16,3;1;;;32,1;1;;;25,2;1;24,20;1;14,0;1;14,2;1;;;15,8;1;24,2;1;1018,2;1;;;2,8;1;6,0;1;240;1;;;5,0;1;180;1;;;;;;;;;;;;;;;;;23;1;;;73;1;;;;;;;12,3;1;;;41;1;804;1;2707;1;434;1;;;92;1;;;;;;;;;0;1;0;1;0;1;0;1;0;1;;;;;;;;;;;;;;;6,6;1;6,4;9;;;;;;;;;;;;
13054001;19800801;0,0;1;;;19,9;1;;;32,1;1;;;25,0;1;26,00;1;16,3;1;17,5;1;;;12,2;1;26,0;1;1019,5;1;;;3,1;1;9,0;1;220;1;;;7,0;1;220;1;;;;;;;;;;;;;;;;;27;1;;;58;1;;;;;;;13,2;1;;;45;1;666;1;2328;1;821;1;;;77;1;;;;;;;;;0;1;0;1;0;1;0;1;0;1;;;;;;;;;;;;;;;6,5;1;6,2;9;;;;;;;;;;;;
13054001;19800802;0,0;1;;;20,2;1;;;33,4;1;;;26,1;1;26,80;1;17,1;1;18,2;1;;;13,2;1;26,8;1;1019,2;1;;;3,0;1;10,0;1;180;1;;;7,0;1;180;1;;;;;;;;;;;;;;;;;24;1;;;70;1;;;;;;;14,5;1;;;45;1;432;1;1690;1;1073;1;;;50;1;;;;;;;;;0;1;0;1;0;1;0;1;0;1;;;;;;;;;;;;;;;5,8;1;5,6;9;;;;;;;;;;;;
13054001;19800803;0,0;1;;;20,0;1;;;34,9;1;;;28,0;1;27,45;1;15,4;1;17,6;1;;;14,9;1;27,5;1;1017,4;1;;;6,1;1;14,0;1;160;1;;;12,0;1;160;1;;;;;;;;;;;;;;;;;22;1;;;67;1;;;;;;;14,0;1;;;42;1;414;1;1878;1;1077;1;;;48;1;;;;;;;;;0;1;0;1;0;1;0;1;0;1;;;;;;;;;;;;;;;8,5;1;7,6;9;;;;;;;;;;;;
13054001;19800804;0,0;1;;;20,4;1;;;34,1;1;;;27,3;1;27,25;1;17,0;1;18,0;1;;;13,7;1;27,3;1;1016,9;1;;;3,8;1;10,0;1;320;1;;;8,0;1;320;1;;;;;;;;;;;;;;;;;34;1;;;73;1;;;;;;;17,8;1;;;58;1;750;1;2466;1;729;1;;;87;1;;;;;;;;;0;1;0;1;0;1;0;1;0;1;;;;;;;;;;;;;;;7,0;1;6,9;9;;;;;;;;;;;;
13054001;19800805;0,0;1;;;20,2;1;;;33,2;1;;;27,2;1;26,70;1;17,0;1;18,0;1;;;13,0;1;26,7;1;1018,6;1;;;5,6;1;15,0;1;320;1;;;11,0;1;320;1;;;;;;;;;;;;;;;;;30;1;;;77;1;;;;;;;16,7;1;;;49;1;780;1;2603;1;560;1;;;91;1;;;;;;;;;0;1;0;1;0;1;0;1;0;1;;;;;;;;;;;;;;;8,0;1;7,8;9;;;;;;;;;;;;
13054001;19800806;0,0;1;;;22,4;1;;;32,0;1;;;26,6;1;27,20;1;20,6;1;21,4;1;;;9,6;1;27,2;1;1017,4;1;;;8,1;1;17,0;1;320;1;;;13,0;1;320;1;;;;;;;;;;;;;;;;;36;1;;;61;1;;;;;;;16,8;1;;;49;1;792;1;2617;1;622;1;;;93;1;;;;;;;;;0;1;0;1;0;1;0;1;0;1;;;;;;;;;;;;;;;9,0;1;8,7;9;;;;;;;;;;;;
13054001;19800807;0,0;1;;;18,4;1;;;31,8;1;;;25,1;1;25,10;1;14,2;1;15,6;1;;;13,4;1;25,1;1;1013,9;1;;;4,1;1;12,0;1;180;1;;;10,0;1;180;1;;;;;;;;;;;;;;;;;33;1;;;74;1;;;;;;;15,6;1;;;55;1;768;1;2537;1;478;1;;;90;1;;;;;;;;;0;1;0;1;0;1;0;1;0;1;;;;;;;;;;;;;;;6,8;1;6,2;9;;;;;;;;;;;;
13054001;19800808;0,0;1;;;22,2;1;;;30,9;1;;;25,7;1;26,55;1;20,1;1;20,9;1;;;8,7;1;26,6;1;1011,9;1;;;6,9;1;15,0;1;240;1;;;12,0;1;240;1;;;;;;;;;;;;;;;;;34;1;;;88;1;;;;;;;19,4;1;;;57;1;522;1;2099;1;631;1;;;61;1;;;;;;;;;0;1;0;1;0;1;0;1;0;1;;;;;;;;;;;;;;;7,0;1;6,5;9;;;;;;;;;;;;
13054001;19800809;0,0;1;;;21,2;1;;;31,1;1;;;25,1;1;26,15;1;19,5;1;20,1;1;;;9,9;1;26,2;1;1015,2;1;;;7,4;1;13,0;1;240;1;;;11,0;1;240;1;;;;;;;;;;;;;;;;;36;1;;;73;1;;;;;;;17,3;1;;;56;1;792;1;2568;1;414;1;;;93;1;;;;;;;;;0;1;0;1;0;1;0;1;0;1;;;;;;;;;;;;;;;8,0;1;7,4;9;;;;;;;;;;;;
13054001;19800810;0,0;1;;;18,6;1;;;32,3;1;;;24,9;1;25,45;1;15,4;1;16,9;1;;;13,7;1;25,5;1;1016,9;1;;;3,3;1;10,0;1;260;1;;;8,0;1;260;1;;;;;;;;;;;;;;;;;31;1;;;76;1;;;;;;;15,6;1;;;58;1;756;1;2479;1;527;1;;;89;1;;;;;;;;;0;1;0;1;0;1;0;1;0;1;;;;;;;;;;;;;;;6,4;1;5,9;9;;;;;;;;;;;;
13054001;19800811;0,0;1;;;19,1;1;;;32,2;1;;;25,0;1;25,65;1;15,8;1;16,8;1;;;13,1;1;25,7;1;1014,5;1;;;5,6;1;13,0;1;240;1;;;11,0;1;240;1;;;;;;;;;;;;;;;;;33;1;;;81;1;;;;;;;16,9;1;;;60;1;774;1;2448;1;502;1;;;92;1;;;;;;;;;0;1;0;1;0;1;0;1;0;1;;;;;;;;;;;;;;;7,3;1;6,7;9;;;;;;;;;;;;
13054001;19800812;0,0;1;;;22,5;1;;;28,9;1;;;25,4;1;25,70;1;19,1;1;20,0;1;;;6,4;1;25,7;1;1013,4;1;;;8,1;1;16,0;1;300;1;;;13,0;1;300;1;;;;;;;;;;;;;;;;;31;1;;;69;1;;;;;;;15,6;1;;;44;1;672;1;2219;1;794;1;;;80;1;;;;;;;;;0;1;0;1;0;1;0;1;0;1;;;;;;;;;;;;;;;7,9;1;7,6;9;;;;;;;;;;;;
13054001;19800813;0,0;1;;;20,1;1;;;30,2;1;;;24,9;1;25,15;1;18,4;1;19,0;1;;;10,1;1;25,2;1;1012,1;1;;;10,0;1;17,0;1;340;1;;;13,0;1;340;1;;;;;;;;;;;;;;;;;29;1;;;53;1;;;;;;;12,5;1;;;43;1;804;1;2502;1;311;1;;;96;1;;;;;;;;;0;1;0;1;0;1;0;1;0;1;;;;;;;;;;;;;;;9,7;1;9,5;9;;;;;;;;;;;;
13054001;19800814;0,0;1;;;17,7;1;;;29,3;1;;;23,7;1;23,50;1;14,7;1;15,4;1;;;11,6;1;23,5;1;1011,6;1;;;3,4;1;14,0;1;180;1;;;9,0;1;180;1;;;;;;;;;;;;;;;;;39;1;;;83;1;;;;;;;16,4;1;;;60;1;768;1;2388;1;490;1;;;92;1;;;;;;;;;0;1;0;1;0;1;0;1;0;1;;;;;;;;;;;;;;;5,6;1;5,6;9;;;;;;;;;;;;
13054001;19800815;3,8;1;;;19,0;1;;;26,2;1;;;21,5;1;22,60;1;16,2;1;17,3;1;;;7,2;1;22,6;1;1011,8;1;;;3,8;1;13,0;1;300;1;;;11,0;1;300;1;;;;;;;;;;;;;;;;;60;1;;;87;1;;;;;;;19,8;1;;;76;1;156;1;970;1;713;1;;;18;1;;;;;;;;;0;1;0;1;1;1;0;1;0;1;;;;;;;;;;;;;;;3,1;1;2,9;9;;;;;;;;;;;;
13054001;19800816;0,0;1;;;16,9;1;;;24,2;1;;;20,9;1;20,55;1;15,4;1;15,8;1;;;7,3;1;20,6;1;1013,5;1;;;13,8;1;26,0;1;320;1;;;20,0;1;320;1;;;;;;;;;;;;;;;;;48;1;;;86;1;;;;;;;15,5;1;;;58;1;624;1;2317;1;521;1;;;75;1;;;;;;;;;0;1;0;1;0;1;0;1;0;1;;;;;;;;;;;;;;;6,1;1;6,0;9;;;;;;;;;;;;
13054001;19800817;0,0;1;;;19,4;1;;;29,5;1;;;23,7;1;24,45;1;17,3;1;18,0;1;;;10,1;1;24,5;1;1015,6;1;;;5,9;1;13,0;1;320;1;;;9,0;1;320;1;;;;;;;;;;;;;;;;;39;1;;;67;1;;;;;;;15,6;1;;;55;1;780;1;2485;1;374;1;;;94;1;;;;;;;;;0;1;0;1;0;1;0;1;0;1;;;;;;;;;;;;;;;7,0;1;6,8;9;;;;;;;;;;;;
13054001;19800818;0,0;1;;;16,4;1;;;30,9;1;;;22,9;1;23,65;1;12,9;1;13,9;1;;;14,5;1;23,7;1;1015,9;1;;;3,4;1;11,0;1;200;1;;;8,0;1;200;1;;;;;;;;;;;;;;;;;30;1;;;76;1;;;;;;;13,8;1;;;54;1;744;1;2392;1;539;1;;;90;1;;;;;;;;;0;1;0;1;0;1;0;1;0;1;;;;;;;;;;;;;;;6,1;1;5,3;9;;;;;;;;;;;;
13054001;19800819;0,0;1;;;16,5;1;;;29,6;1;;;23,2;1;23,05;1;13,2;1;14,2;1;;;13,1;1;23,1;1;1018,6;1;;;2,9;1;7,0;1;260;1;;;6,0;1;260;1;;;;;;;;;;;;;;;;;38;1;;;73;1;;;;;;;14,7;1;;;58;1;732;1;2334;1;603;1;;;89;1;;;;;;;;;0;1;0;1;0;1;0;1;0;1;;;;;;;;;;;;;;;5,4;1;4,8;9;;;;;;;;;;;;
13054001;19800820;0,0;1;;;18,2;1;;;29,7;1;;;24,4;1;23,95;1;15,0;1;15,9;1;;;11,5;1;24,0;1;1020,5;1;;;5,4;1;14,0;1;320;1;;;12,0;1;320;1;;;;;;;;;;;;;;;;;39;1;;;79;1;;;;;;;16,4;1;;;58;1;690;1;2261;1;588;1;;;84;1;;;;;;;;;0;1;0;1;0;1;0;1;0;1;;;;;;;;;;;;;;;6,3;1;6,3;9;;;;;;;;;;;;
13054001;19800821;0,0;1;;;17,5;1;;;31,7;1;;;24,2;1;24,60;1;14,6;1;14,9;1;;;14,2;1;24,6;1;1018,7;1;;;4,0;1;11,0;1;240;1;;;10,0;1;240;1;;;;;;;;;;;;;;;;;39;1;;;76;1;;;;;;;16,7;1;;;61;1;738;1;2316;1;520;1;;;90;1;;;;;;;;;0;1;0;1;0;1;0;1;0;1;;;;;;;;;;;;;;;6,1;1;5,5;9;;;;;;;;;;;;
13054001;19800822;0,0;1;;;21,1;1;;;30,2;1;;;26,0;1;25,65;1;16,8;1;18,0;1;;;9,1;1;25,7;1;1014,0;1;;;10,0;1;19,0;1;320;1;;;15,0;1;320;1;;;;;;;;;;;;;;;;;31;1;;;75;1;;;;;;;16,0;1;;;43;1;756;1;2417;1;333;1;;;93;1;;;;;;;;;0;1;0;1;0;1;0;1;0;1;;;;;;;;;;;;;;;8,6;1;8,5;9;;;;;;;;;;;;
13054001;19800823;0,0;1;;;17,9;1;;;25,7;1;;;21,6;1;21,80;1;16,2;1;16,4;1;;;7,8;1;21,8;1;1013,3;1;;;10,9;1;21,0;1;360;1;;;15,0;1;360;1;;;;;;;;;;;;;;;;;27;1;;;58;1;;;;;;;10,4;1;;;41;1;468;1;1764;1;950;1;;;57;1;;;;;;;;;0;1;0;1;0;1;0;1;0;1;;;;;;;;;;;;;;;8,1;1;7,9;9;;;;;;;;;;;;
13054001;19800824;0,0;1;;;14,8;1;;;28,1;1;;;20,7;1;21,45;1;12,8;1;13,0;1;;;13,3;1;21,5;1;1014,6;1;;;5,4;1;16,0;1;340;1;;;11,0;1;340;1;;;;;;;;;;;;;;;;;31;1;;;70;1;;;;;;;11,8;1;;;50;1;726;1;2373;1;528;1;;;90;1;;;;;;;;;0;1;0;1;0;1;0;1;0;1;;;;;;;;;;;;;;;6,5;1;6,5;9;;;;;;;;;;;;
13054001;19800825;0,0;1;;;17,1;1;;;25,5;1;;;21,5;1;21,30;1;12,8;1;14,0;1;;;8,4;1;21,3;1;1017,2;1;;;2,4;1;9,0;1;180;1;;;7,0;1;180;1;;;;;;;;;;;;;;;;;45;1;;;82;1;;;;;;;15,3;1;;;63;1;60;1;890;1;759;1;;;7;1;;;;;;;;;0;1;0;1;0;1;0;1;0;1;;;;;;;;;;;;;;;3,0;1;3,0;9;;;;;;;;;;;;
13054001;19800826;1,8;1;;;20,1;1;;;29,5;1;;;24,1;1;24,80;1;17,6;1;18,0;1;;;9,4;1;24,8;1;1017,8;1;;;4,8;1;12,0;1;180;1;;;9,0;1;180;1;;;;;;;;;;;;;;;;;33;1;;;73;1;;;;;;;15,4;1;;;50;1;606;1;2124;1;734;1;;;75;1;;;;;;;;;0;1;0;1;0;1;0;1;0;1;;;;;;;;;;;;;;;6,2;1;5,7;9;;;;;;;;;;;;
13054001;19800827;33,2;1;;;17,9;1;;;20,9;1;;;19,6;1;19,40;1;16,7;1;16,4;1;;;3,0;1;19,4;1;1015,1;1;;;5,5;1;15,0;1;340;1;;;11,0;1;340;1;;;;;;;;;;;;;;;;;48;1;;;88;1;;;;;;;15,0;1;;;78;1;0;1;330;1;297;1;;;0;1;;;;;;;;;0;1;0;1;1;1;0;1;0;1;;;;;;;;;;;;;;;2,8;1;2,6;9;;;;;;;;;;;;
13054001;19800828;0,0;1;;;19,2;1;;;28,1;1;;;23,3;1;23,65;1;17,9;1;18,1;1;;;8,9;1;23,7;1;1015,2;1;;;6,9;1;14,0;1;320;1;;;10,0;1;320;1;;;;;;;;;;;;;;;;;46;1;;;73;1;;;;;;;16,9;1;;;59;1;618;1;2166;1;588;1;;;77;1;;;;;;;;;0;1;0;1;0;1;0;1;0;1;;;;;;;;;;;;;;;6,2;1;6,0;9;;;;;;;;;;;;
13054001;19800829;0,0;1;;;17,1;1;;;30,0;1;;;22,7;1;23,55;1;14,0;1;14,4;1;;;12,9;1;23,6;1;1016,9;1;;;3,9;1;11,0;1;240;1;;;9,0;1;240;1;;;;;;;;;;;;;;;;;38;1;;;81;1;;;;;;;16,0;1;;;64;1;642;1;2157;1;563;1;;;81;1;;;;;;;;;0;1;0;1;0;1;0;1;0;1;;;;;;;;;;;;;;;5,5;1;5,2;9;;;;;;;;;;;;
13054001;19800830;0,0;1;;;18,3;1;;;31,0;1;;;23,8;1;24,65;1;15,9;1;16,4;1;;;12,7;1;24,7;1;1015,5;1;;;5,0;1;15,0;1;300;1;;;12,0;1;300;1;;;;;;;;;;;;;;;;;38;1;;;85;1;;;;;;;17,5;1;;;61;1;612;1;2076;1;754;1;;;77;1;;;;;;;;;0;1;0;1;0;1;0;1;0;1;;;;;;;;;;;;;;;6,0;1;5,6;9;;;;;;;;;;;;
13054001;19800831;0,0;1;;;18,9;1;;;24,4;1;;;21,5;1;21,65;1;17,3;1;17,8;1;;;5,5;1;21,7;1;1015,8;1;;;12,4;1;28,0;1;340;1;;;21,0;1;340;1;;;;;;;;;;;;;;;;;35;1;;;60;1;;;;;;;11,9;1;;;48;1;726;1;2310;1;312;1;;;92;1;;;;;;;;;0;1;0;1;0;1;0;1;0;1;;;;;;;;;;;;;;;7,9;1;7,7;9;;;;;;;;;;;;
13054001;19800901;0,0;1;;;16,1;1;;;26,7;1;;;20,7;1;21,40;1;14,0;1;14,8;1;;;10,6;1;21,4;1;1017,5;1;;;6,5;1;15,0;1;320;1;;;11,0;1;320;1;;;;;;;;;;;;;;;;;35;1;;;62;1;;;;;;;11,8;1;;;50;1;732;1;2311;1;313;1;;;93;1;;;;;;;;;0;1;0;1;0;1;0;1;0;1;;;;;;;;;;;;;;;6,6;1;6,6;9;;;;;;;;;;;;
13054001;19800902;0,0;1;;;14,4;1;;;28,1;1;;;20,8;1;21,25;1;11,8;1;12,5;1;;;13,7;1;21,3;1;1021,3;1;;;3,1;1;8,0;1;200;1;;;7,0;1;200;1;;;;;;;;;;;;;;;;;35;1;;;70;1;;;;;;;12,4;1;;;54;1;708;1;2140;1;497;1;;;90;1;;;;;;;;;0;1;0;1;0;1;0;1;0;1;;;;;;;;;;;;;;;5,0;1;5,1;9;;;;;;;;;;;;
13054001;19800903;0,0;1;;;16,0;1;;;27,3;1;;;21,4;1;21,65;1;11,9;1;13,1;1;;;11,3;1;21,7;1;1024,6;1;;;3,5;1;10,0;1;180;1;;;8,0;1;180;1;;;;;;;;;;;;;;;;;30;1;;;70;1;;;;;;;11,8;1;;;49;1;714;1;2199;1;379;1;;;91;1;;;;;;;;;0;1;0;1;0;1;0;1;0;1;;;;;;;;;;;;;;;5,3;1;5,0;9;;;;;;;;;;;;
13054001;19800904;0,0;1;;;14,3;1;;;26,6;1;;;19,9;1;20,45;1;10,3;1;11,8;1;;;12,3;1;20,5;1;1023,2;1;;;2,8;1;7,0;1;200;1;;;5,0;1;200;1;;;;;;;;;;;;;;;;;34;1;;;92;1;;;;;;;13,4;1;;;72;1;684;1;2140;1;461;1;;;88;1;;;;;;;;;0;1;0;1;0;1;0;1;0;1;;;;;;;;;;;;;;;4,5;1;4,0;9;;;;;;;;;;;;
13054001;19800905;0,0;1;;;16,7;1;;;26,3;1;;;21,5;1;21,50;1;14,2;1;15,1;1;;;9,6;1;21,5;1;1020,4;1;;;3,1;1;7,0;1;220;1;;;5,0;1;220;1;;;;;;;;;;;;;;;;;40;1;;;96;1;;;;;;;16,0;1;;;74;1;426;1;1709;1;889;1;;;55;1;;;;;;;;;0;1;0;1;0;1;0;1;0;1;;;;;;;;;;;;;;;4,0;1;3,6;9;;;;;;;;;;;;
13054001;19800906;0,0;1;;;16,9;1;;;26,1;1;;;21,1;1;21,50;1;14,7;1;15,4;1;;;9,2;1;21,5;1;1018,8;1;;;6,3;1;19,0;1;340;1;;;15,0;1;340;1;;;;;;;;;;;;;;;;;37;1;;;92;1;;;;;;;15,1;1;;;53;1;720;1;2229;1;301;1;;;93;1;;;;;;;;;0;1;0;1;0;1;0;1;0;1;;;;;;;;;;;;;;;5,5;1;5,5;9;;;;;;;;;;;;
13054001;19800907;0,0;1;;;16,3;1;;;27,3;1;;;21,1;1;21,80;1;12,9;1;14,1;1;;;11,0;1;21,8;1;1020,9;1;;;2,6;1;9,0;1;200;1;;;7,0;1;200;1;;;;;;;;;;;;;;;;;40;1;;;86;1;;;;;;;15,2;1;;;71;1;654;1;2004;1;609;1;;;85;1;;;;;;;;;0;1;0;1;0;1;0;1;0;1;;;;;;;;;;;;;;;4,3;1;3,9;9;;;;;;;;;;;;
13054001;19800908;0,0;1;;;15,5;1;;;26,6;1;;;20,5;1;21,05;1;12,0;1;13,3;1;;;11,1;1;21,1;1;1019,8;1;;;2,3;1;8,0;1;260;1;;;7,0;1;260;1;;;;;;;;;;;;;;;;;45;1;;;93;1;;;;;;;16,0;1;;;77;1;612;1;1922;1;704;1;;;80;1;;;;;;;;;0;1;0;1;0;1;0;1;0;1;;;;;;;;;;;;;;;3,8;1;3,6;9;;;;;;;;;;;;
13054001;19800909;0,0;1;;;18,7;1;;;23,4;1;;;20,9;1;21,05;1;17,2;1;17,8;1;;;4,7;1;21,1;1;1021,0;1;;;9,8;1;20,0;1;320;1;;;16,0;1;320;1;;;;;;;;;;;;;;;;;35;1;;;87;1;;;;;;;14,4;1;;;50;1;666;1;2102;1;694;1;;;87;1;;;;;;;;;0;1;0;1;0;1;0;1;0;1;;;;;;;;;;;;;;;5,9;1;6,0;9;;;;;;;;;;;;
13054001;19800910;0,0;1;;;16,8;1;;;22,9;1;;;19,7;1;19,85;1;15,2;1;15,8;1;;;6,1;1;19,9;1;1020,7;1;;;13,6;1;23,0;1;320;1;;;19,0;1;320;1;;;;;;;;;;;;;;;;;35;1;;;58;1;;;;;;;10,4;1;;;46;1;702;1;2151;1;684;1;;;92;1;;;;;;;;;0;1;0;1;0;1;0;1;0;1;;;;;;;;;;;;;;;7,5;1;7,2;9;;;;;;;;;;;;
13054001;19800911;0,0;1;;;16,4;1;;;26,3;1;;;21,5;1;21,35;1;14,5;1;15,0;1;;;9,9;1;21,4;1;1020,6;1;;;8,0;1;18,0;1;320;1;;;13,0;1;320;1;;;;;;;;;;;;;;;;;42;1;;;71;1;;;;;;;13,8;1;;;55;1;630;1;2005;1;700;1;;;83;1;;;;;;;;;0;1;0;1;0;1;0;1;0;1;;;;;;;;;;;;;;;6,1;1;5,9;9;;;;;;;;;;;;
13054001;19800912;0,0;1;;;16,0;1;;;26,5;1;;;21,6;1;21,25;1;12,2;1;13,6;1;;;10,5;1;21,3;1;1019,9;1;;;4,9;1;18,0;1;300;1;;;14,0;1;300;1;;;;;;;;;;;;;;;;;45;1;;;81;1;;;;;;;15,2;1;;;61;1;678;1;2013;1;473;1;;;90;1;;;;;;;;;0;1;0;1;0;1;0;1;0;1;;;;;;;;;;;;;;;4,8;1;4,5;9;;;;;;;;;;;;
13054001;19800913;0,0;1;;;15,8;1;;;26,9;1;;;21,2;1;21,35;1;12,3;1;13,8;1;;;11,1;1;21,4;1;1019,5;1;;;5,0;1;15,0;1;300;1;;;11,0;1;300;1;;;;;;;;;;;;;;;;;40;1;;;88;1;;;;;;;15,0;1;;;58;1;570;1;1893;1;;;;;76;1;;;;;;;;;0;1;0;1;0;1;0;1;0;1;;;;;;;;;;;;;;;4,9;1;5,0;9;;;;;;;;;;;;
13054001;19800914;0,0;1;;;14,0;1;;;26,9;1;;;20,6;1;20,45;1;10,8;1;11,6;1;;;12,9;1;20,5;1;1019,1;1;;;5,4;1;10,0;1;320;1;;;8,0;1;320;1;;;;;;;;;;;;;;;;;31;1;;;65;1;;;;;;;10,7;1;;;48;1;696;1;2096;1;;;;;93;1;;;;;;;;;0;1;0;1;0;1;0;1;0;1;;;;;;;;;;;;;;;5,9;1;5,7;9;;;;;;;;;;;;
13054001;19800915;0,0;1;;;12,7;1;;;27,2;1;;;19,3;1;19,95;1;8,1;1;9,9;1;;;14,5;1;20,0;1;1020,5;1;;;2,5;1;6,0;1;180;1;;;5,0;1;200;1;;;;;;;;;;;;;;;;;32;1;;;83;1;;;;;;;11,9;1;;;64;1;690;1;2017;1;;;;;92;1;;;;;;;;;0;1;0;1;0;1;0;1;0;1;;;;;;;;;;;;;;;4,2;1;3,7;9;;;;;;;;;;;;
13054001;19800916;0,0;1;;;14,4;1;;;26,7;1;;;20,0;1;20,55;1;11,0;1;11,9;1;;;12,3;1;20,6;1;1021,5;1;;;3,1;1;9,0;1;180;1;;;7,0;1;200;1;;;;;;;;;;;;;;;;;49;1;;;83;1;;;;;;;15,4;1;;;70;1;660;1;1902;1;477;1;;;89;1;;;;;;;;;0;1;0;1;0;1;0;1;0;1;;;;;;;;;;;;;;;4,0;1;3,6;9;;;;;;;;;;;;
13054001;19800917;0,0;1;;;17,7;1;;;26,7;1;;;21,5;1;22,20;1;14,0;1;15,3;1;;;9,0;1;22,2;1;1021,3;1;;;2,4;1;7,0;1;240;1;;;6,0;1;240;1;;;;;;;;;;;;;;;;;51;1;;;79;1;;;;;;;16,9;1;;;67;1;486;1;1590;1;855;1;;;65;1;;;;;;;;;0;1;0;1;0;1;0;1;0;1;;;;;;;;;;;;;;;3,5;1;3,2;9;;;;;;;;;;;;
13054001;19800918;0,0;1;;;18,0;1;;;26,9;1;;;21,8;1;22,45;1;15,0;1;16,2;1;;;8,9;1;22,5;1;1019,3;1;;;4,0;1;10,0;1;180;1;;;9,0;1;160;1;;;;;;;;;;;;;;;;;52;1;;;84;1;;;;;;;17,9;1;;;74;1;564;1;1652;1;724;1;;;76;1;;;;;;;;;0;1;0;1;0;1;0;1;0;1;;;;;;;;;;;;;;;4,0;1;3,6;9;;;;;;;;;;;;
13054001;19800919;0,0;1;;;19,6;1;;;27,6;1;;;22,6;1;23,60;1;17,2;1;18,0;1;;;8,0;1;23,6;1;1016,7;1;;;5,0;1;13,0;1;180;1;;;10,0;1;180;1;;;;;;;;;;;;;;;;;47;1;;;80;1;;;;;;;17,8;1;;;70;1;474;1;1654;1;642;1;;;64;1;;;;;;;;;0;1;0;1;0;1;0;1;0;1;;;;;;;;;;;;;;;4,6;1;4,5;9;;;;;;;;;;;;
13054001;19800920;0,0;1;;;19,4;1;;;29,6;1;;;24,6;1;24,50;1;16,4;1;17,1;1;;;10,2;1;24,5;1;1013,1;1;;;7,5;1;19,0;1;120;1;;;14,0;1;120;1;;;;;;;;;;;;;;;;;39;1;;;76;1;;;;;;;16,6;1;;;55;1;522;1;1703;1;640;1;;;71;1;;;;;;;;;0;1;0;1;0;1;0;1;0;1;;;;;;;;;;;;;;;6,3;1;6,0;9;;;;;;;;;;;;
13054001;19800921;0,0;1;;;24,0;1;;;29,3;1;;;25,7;1;26,65;1;22,0;1;22,8;1;;;5,3;1;26,7;1;1013,5;1;;;11,4;1;21,0;1;120;1;;;18,0;1;140;1;;;;;;;;;;;;;;;;;47;1;;;70;1;;;;;;;20,0;1;;;60;1;378;1;1562;1;878;1;;;52;1;;;;;;;;;0;1;0;1;1;1;0;1;0;1;;;;;;;;;;;;;;;7,1;1;6,6;9;;;;;;;;;;;;
13054001;19800922;0,0;1;;;21,4;1;;;27,8;1;;;24,1;1;24,60;1;19,4;1;19,8;1;;;6,4;1;24,6;1;1016,9;1;;;5,4;1;17,0;1;140;1;;;12,0;1;140;1;;;;;;;;;;;;;;;;;63;1;;;97;1;;;;;;;24,1;1;;;81;1;336;1;1424;1;781;1;;;46;1;;;;;;;;;0;1;0;1;0;1;0;1;0;1;;;;;;;;;;;;;;;3,5;1;3,4;9;;;;;;;;;;;;
13054001;19800923;0,0;1;;;14,8;1;;;25,6;1;;;20,4;1;20,20;1;10,1;1;11,8;1;;;10,8;1;20,2;1;1019,8;1;;;5,1;1;15,0;1;340;1;;;12,0;1;340;1;;;;;;;;;;;;;;;;;48;1;;;97;1;;;;;;;16,0;1;;;71;1;612;1;1739;1;473;1;;;85;1;;;;;;;;;0;1;0;1;0;1;0;1;0;1;;;;;;;;;;;;;;;4,0;1;4,2;9;;;;;;;;;;;;
13054001;19800924;0,0;1;;;13,4;1;;;28,1;1;;;20,5;1;20,75;1;9,8;1;11,0;1;;;14,7;1;20,8;1;1019,8;1;;;3,0;1;7,0;1;320;1;;;5,0;1;280;1;;;;;;;;;;;;;;;;;46;1;;;91;1;;;;;;;15,7;1;;;70;1;654;1;1800;1;337;1;;;91;1;;;;;;;;;0;1;0;1;0;1;0;1;0;1;;;;;;;;;;;;;;;3,8;1;3,7;9;;;;;;;;;;;;
13054001;19800925;0,0;1;;;14,8;1;;;28,4;1;;;20,8;1;21,60;1;10,8;1;11,9;1;;;13,6;1;21,6;1;1022,1;1;;;2,3;1;6,0;1;240;1;;;5,0;1;240;1;;;;;;;;;;;;;;;;;43;1;;;93;1;;;;;;;16,1;1;;;73;1;654;1;1677;1;446;1;;;91;1;;;;;;;;;0;1;0;1;0;1;0;1;0;1;;;;;;;;;;;;;;;3,5;1;3,3;9;;;;;;;;;;;;
13054001;19800926;0,0;1;;;15,4;1;;;28,0;1;;;20,4;1;21,70;1;11,4;1;12,7;1;;;12,6;1;21,7;1;1020,6;1;;;2,1;1;7,0;1;240;1;;;6,0;1;240;1;;;;;;;;;;;;;;;;;49;1;;;92;1;;;;;;;17,3;1;;;79;1;630;1;1636;1;465;1;;;88;1;;;;;;;;;0;1;0;1;0;1;0;1;0;1;;;;;;;;;;;;;;;3,2;1;2,9;9;;;;;;;;;;;;
13054001;19800927;0,0;1;;;16,0;1;;;26,0;1;;;20,5;1;21,00;1;13,6;1;14,9;1;;;10,0;1;21,0;1;1017,8;1;;;2,5;1;8,0;1;180;1;;;6,0;1;200;1;;;;;;;;;;;;;;;;;62;1;;;95;1;;;;;;;19,1;1;;;83;1;576;1;1509;1;726;1;;;81;1;;;;;;;;;0;1;0;1;0;1;0;1;0;1;;;;;;;;;;;;;;;2,8;1;2,8;9;;;;;;;;;;;;
13054001;19800928;0,2;1;;;17,4;1;;;25,2;1;;;19,8;1;21,30;1;13,8;1;14,9;1;;;7,8;1;21,3;1;1018,1;1;;;2,8;1;6,0;1;60;1;;;4,0;1;80;1;;;;;;;;;;;;;;;;;60;1;;;93;1;;;;;;;18,9;1;;;84;1;252;1;821;1;543;1;;;35;1;;;;;;;;;0;1;0;1;0;1;0;1;0;1;;;;;;;;;;;;;;;2,3;1;2,2;9;;;;;;;;;;;;
13054001;19800929;0,0;1;;;15,5;1;;;26,5;1;;;20,5;1;21,00;1;13,4;1;14,6;1;;;11,0;1;21,0;1;1023,3;1;;;2,6;1;8,0;1;240;1;;;7,0;1;240;1;;;;;;;;;;;;;;;;;55;1;;;97;1;;;;;;;18,1;1;;;82;1;570;1;1543;1;621;1;;;81;1;;;;;;;;;0;1;0;1;0;1;0;1;0;1;;;;;;;;;;;;;;;3,0;1;2,8;9;;;;;;;;;;;;
13054001;19800930;0,0;1;;;16,3;1;;;27,1;1;;;21,0;1;21,70;1;12,0;1;13,0;1;;;10,8;1;21,7;1;1024,2;1;;;4,5;1;12,0;1;340;1;;;9,0;1;340;1;;;;;;;;;;;;;;;;;39;1;;;93;1;;;;;;;15,6;1;;;65;1;486;1;1492;1;645;1;;;69;1;;;;;;;;;0;1;1;1;0;1;0;1;0;1;;;;;;;;;;;;;;;4,1;1;4,1;9;;;;;;;;;;;;
13054001;19801001;0,0;1;;;12,3;1;;;27,0;1;;;19,6;1;19,65;1;9,1;1;9,8;1;;;14,7;1;19,7;1;1022,1;1;;;4,5;1;12,0;1;320;1;;;10,0;1;320;1;;;;;;;;;;;;;;;;;43;1;;;79;1;;;;;;;13,3;1;;;60;1;636;1;1670;1;363;1;;;91;1;;;;;;;;;0;1;0;1;0;1;0;1;0;1;;;;;;;;;;;;;;;4,3;1;4,3;9;;;;;;;;;;;;
13054001;19801002;0,0;1;;;12,8;1;;;26,4;1;;;19,4;1;19,60;1;8,2;1;9,2;1;;;13,6;1;19,6;1;1019,8;1;;;3,4;1;11,0;1;340;1;;;9,0;1;340;1;;;;;;;;;;;;;;;;;38;1;;;75;1;;;;;;;12,1;1;;;59;1;624;1;1621;1;445;1;;;90;1;;;;;;;;;0;1;0;1;0;1;0;1;0;1;;;;;;;;;;;;;;;3,9;1;4,1;9;;;;;;;;;;;;
13054001;19801003;0,0;1;;;13,7;1;;;25,3;1;;;19,0;1;19,50;1;9,5;1;10,9;1;;;11,6;1;19,5;1;1019,9;1;;;2,1;1;7,0;1;200;1;;;6,0;1;200;1;;;;;;;;;;;;;;;;;54;1;;;88;1;;;;;;;15,6;1;;;77;1;510;1;1320;1;739;1;;;73;1;;;;;;;;;0;1;0;1;0;1;0;1;0;1;;;;;;;;;;;;;;;2,6;1;2,6;9;;;;;;;;;;;;
13054001;19801004;0,0;1;;;15,9;1;;;24,3;1;;;20,2;1;20,10;1;13,8;1;14,3;1;;;8,4;1;20,1;1;1020,5;1;;;3,1;1;7,0;1;260;1;;;6,0;1;260;1;;;;;;;;;;;;;;;;;61;1;;;88;1;;;;;;;17,2;1;;;78;1;300;1;1094;1;785;1;;;43;1;;;;;;;;;0;1;0;1;0;1;0;1;0;1;;;;;;;;;;;;;;;2,5;1;2,4;9;;;;;;;;;;;;
13054001;19801005;0,0;1;;;17,5;1;;;24,9;1;;;20,6;1;21,20;1;14,7;1;15,6;1;;;7,4;1;21,2;1;1016,8;1;;;4,5;1;10,0;1;320;1;;;8,0;1;300;1;;;;;;;;;;;;;;;;;32;1;;;91;1;;;;;;;14,1;1;;;64;1;456;1;1281;1;736;1;;;66;1;;;;;;;;;0;1;0;1;0;1;0;1;0;1;;;;;;;;;;;;;;;3,9;1;3,7;9;;;;;;;;;;;;
13054001;19801006;0,0;1;;;13,7;1;;;26,0;1;;;19,5;1;19,85;1;9,2;1;10,2;1;;;12,3;1;19,9;1;1015,4;1;;;4,5;1;11,0;1;340;1;;;9,0;1;340;1;;;;;;;;;;;;;;;;;39;1;;;74;1;;;;;;;12,4;1;;;59;1;606;1;1514;1;434;1;;;88;1;;;;;;;;;0;1;0;1;0;1;0;1;0;1;;;;;;;;;;;;;;;4,2;1;4,1;9;;;;;;;;;;;;
13054001;19801007;0,2;1;;;15,5;1;;;24,3;1;;;20,1;1;19,90;1;10,9;1;12,3;1;;;8,8;1;19,9;1;1012,9;1;;;3,8;1;12,0;1;160;1;;;9,0;1;160;1;;;;;;;;;;;;;;;;;66;1;;;86;1;;;;;;;17,6;1;;;75;1;156;1;832;1;652;1;;;23;1;;;;;;;;;0;1;0;1;0;1;0;1;0;1;;;;;;;;;;;;;;;2,4;1;2,2;9;;;;;;;;;;;;
13054001;19801008;1,5;1;;;14,3;1;;;16,4;1;;;16,6;1;15,35;1;12,0;1;12,1;1;;;2,1;1;15,4;1;1009,7;1;;;7,1;1;13,0;1;300;1;;;11,0;1;280;1;;;;;;;;;;;;;;;;;54;1;;;81;1;;;;;;;11,6;1;;;66;1;6;1;353;1;335;1;;;0;1;;;;;;;;;0;1;0;1;0;1;0;1;0;1;;;;;;;;;;;;;;;2,6;1;2,6;9;;;;;;;;;;;;
13054001;19801009;0,0;1;;;11,3;1;;;16,8;1;;;13,3;1;14,05;1;9,4;1;10,8;1;;;5,5;1;14,1;1;1009,4;1;;;10,5;1;18,0;1;320;1;;;14,0;1;300;1;;;;;;;;;;;;;;;;;35;1;;;72;1;;;;;;;8,2;1;;;55;1;618;1;1601;1;361;1;;;91;1;;;;;;;;;0;1;0;1;0;1;0;1;0;1;;;;;;;;;;;;;;;4,5;1;4,3;9;;;;;;;;;0;1;;
13054001;19801010;5,8;1;;;8,5;1;;;17,8;1;;;12,5;1;13,15;1;6,3;1;7,0;1;;;9,3;1;13,2;1;1011,8;1;;;7,1;1;15,0;1;320;1;;;11,0;1;320;1;;;;;;;;;;;;;;;;;30;1;;;80;1;;;;;;;7,5;1;;;54;1;486;1;1473;1;347;1;;;72;1;;;;;;;;;0;1;0;1;0;1;0;1;0;1;;;;;;;;;;;;;;;3,9;1;3,7;9;;;;;;;;;0;1;;
13054001;19801011;0,8;1;;;11,1;1;;;18,4;1;;;14,7;1;14,75;1;9,6;1;9,8;1;;;7,3;1;14,8;1;999,9;1;;;8,0;1;19,0;1;280;1;;;16,0;1;280;1;;;;;;;;;;;;;;;;;49;1;;;90;1;;;;;;;11,1;1;;;68;1;144;1;663;1;505;1;;;21;1;;;;;;;;;0;1;0;1;0;1;0;1;0;1;;;;;;;;;;;;;;;3,0;1;2,9;9;;;;;;;;;0;1;;
13054001;19801012;0,0;1;;;11,1;1;;;14,8;1;;;12,6;1;12,95;1;8,9;1;9,3;1;;;3,7;1;13,0;1;1001,0;1;;;12,8;1;21,0;1;320;1;;;17,0;1;320;1;;;;;;;;;;;;;;;;;50;1;;;75;1;;;;;;;9,2;1;;;62;1;576;1;1429;1;398;1;;;86;1;;;;;;;;;0;1;0;1;0;1;0;1;0;1;;;;;;;;;;;;;;;3,6;1;3,5;9;;;;;;;;;0;1;;
13054001;19801013;0,0;1;;;10,1;1;;;14,8;1;;;12,2;1;12,45;1;8,0;1;8,5;1;;;4,7;1;12,5;1;1004,7;1;;;13,9;1;23,0;1;320;1;;;19,0;1;320;1;;;;;;;;;;;;;;;;;53;1;;;72;1;;;;;;;8,9;1;;;62;1;570;1;1403;1;410;1;;;86;1;;;;;;;;;0;1;0;1;0;1;0;1;0;1;;;;;;;;;;;;;;;3,6;1;3,6;9;;;;;;;;;0;1;;
13054001;19801014;0,0;1;;;4,6;1;;;14,4;1;;;10,3;1;9,50;1;0,2;1;1,3;1;;;9,8;1;9,5;1;1010,6;1;;;2,0;1;7,0;1;320;1;;;5,0;1;320;1;;;;;;;;;;;;;;;;;38;1;;;84;1;;;;;;;6,7;1;;;66;1;90;1;711;1;610;1;;;13;1;;;;;;;;;0;1;0;1;0;1;0;1;0;1;;;;;;;;;;;;;;;1,7;1;1,6;9;;;;;;;;;0;1;;
13054001;19801015;2,0;1;;;10,1;1;;;23,0;1;;;17,1;1;16,55;1;5,7;1;6,8;1;;;12,9;1;16,6;1;1009,4;1;;;7,1;1;15,0;1;120;1;;;13,0;1;120;1;;;;;;;;;;;;;;;;;54;1;;;80;1;;;;;;;12,5;1;;;70;1;270;1;991;1;564;1;;;41;1;;;;;;;;;0;1;0;1;0;1;0;1;0;1;;;;;;;;;;;;;;;3,5;1;3,2;9;;;;;;;;;0;1;;
13054001;19801016;22,1;1;;;18,8;1;;;22,4;1;;;20,3;1;20,60;1;17,0;1;17,4;1;;;3,6;1;20,6;1;1001,0;1;;;10,8;1;24,0;1;220;1;;;18,0;1;220;1;;;;;;;;;;;;;;;;;58;1;;;95;1;;;;;;;18,2;1;;;72;1;48;1;582;1;518;1;;;7;1;;;;;;;;;0;1;0;1;1;1;0;1;0;1;;;;;;;;;;;;;;;3,1;1;3,1;9;;;;;;;;;0;1;;
13054001;19801017;1,4;1;;;13,3;1;;;17,7;1;;;15,6;1;15,50;1;12,4;1;12,7;1;;;4,4;1;15,5;1;995,4;1;;;4,5;1;12,0;1;140;1;;;8,0;1;140;1;;;;;;;;;;;;;;;;;61;1;;;88;1;;;;;;;12,9;1;;;75;1;126;1;794;1;534;1;;;19;1;;;;;;;;;0;1;0;1;0;1;0;1;0;1;;;;;;;;;;;;;;;2,0;1;1,9;9;;;;;;;;;0;1;;
13054001;19801018;0,4;1;;;8,6;1;;;17,1;1;;;12,2;1;12,85;1;5,0;1;5,6;1;;;8,5;1;12,9;1;1004,5;1;;;7,5;1;23,0;1;320;1;;;15,0;1;320;1;;;;;;;;;;;;;;;;;47;1;;;85;1;;;;;;;9,3;1;;;69;1;444;1;1222;1;464;1;;;68;1;;;;;;;;;0;1;0;1;0;1;0;1;0;1;;;;;;;;;;;;;;;3,0;1;3,0;9;;;;;;;;;0;1;;
13054001;19801019;0,0;1;;;9,4;1;;;13,1;1;;;10,8;1;11,25;1;7,4;1;8,1;1;;;3,7;1;11,3;1;1017,3;1;;;14,3;1;26,0;1;320;1;;;19,0;1;340;1;;;;;;;;;;;;;;;;;49;1;;;64;1;;;;;;;7,5;1;;;57;1;618;1;1388;1;263;1;;;96;1;;;;;;;;;0;1;0;1;0;1;0;1;0;1;;;;;;;;;;;;;;;3,8;1;3,7;9;;;;;;;;;0;1;;
13054001;19801020;0,0;1;;;4,6;1;;;19,5;1;;;11,7;1;12,05;1;1,3;1;1,9;1;;;14,9;1;12,1;1;1025,1;1;;;3,5;1;7,0;1;360;1;;;6,0;1;360;1;;;;;;;;;;;;;;;;;30;1;;;74;1;;;;;;;6,5;1;;;53;1;606;1;1379;1;227;1;;;94;1;;;;;;;;;0;1;0;1;0;1;0;1;0;1;;;;;;;;;;;;;;;2,9;1;3,0;9;;;;;;;;;0;1;;
13054001;19801021;0,0;1;;;5,9;1;;;19,5;1;;;12,2;1;12,70;1;1,5;1;3,0;1;;;13,6;1;12,7;1;1024,3;1;;;2,0;1;7,0;1;200;1;;;6,0;1;200;1;;;;;;;;;;;;;;;;;40;1;;;82;1;;;;;;;8,3;1;;;63;1;588;1;1313;1;283;1;;;92;1;;;;;;;;;0;1;0;1;0;1;0;1;0;1;;;;;;;;;;;;;;;2,0;1;1,9;9;;;;;;;;;0;1;;
13054001;19801022;0,0;1;;;6,7;1;;;18,0;1;;;12,8;1;12,35;1;2,0;1;3,9;1;;;11,3;1;12,4;1;1019,1;1;;;1,1;1;5,0;1;100;1;;;4,0;1;100;1;;;;;;;;;;;;;;;;;48;1;;;86;1;;;;;;;9,2;1;;;69;1;324;1;956;1;477;1;;;51;1;;;;;;;;;0;1;0;1;0;1;0;1;0;1;;;;;;;;;;;;;;;1,4;1;1,4;9;;;;;;;;;0;1;;
13054001;19801023;0,0;1;;;13,1;1;;;20,1;1;;;15,4;1;16,60;1;9,6;1;10,9;1;;;7,0;1;16,6;1;1014,8;1;;;2,6;1;8,0;1;240;1;;;7,0;1;240;1;;;;;;;;;;;;;;;;;57;1;;;93;1;;;;;;;13,7;1;;;78;1;318;1;882;1;403;1;;;50;1;;;;;;;;;0;1;0;1;0;1;0;1;0;1;;;;;;;;;;;;;;;1,8;1;1,8;9;;;;;;;;;0;1;;
13054001;19801024;5,8;1;;;11,0;1;;;19,9;1;;;14,7;1;15,45;1;6,1;1;7,8;1;;;8,9;1;15,5;1;1010,0;1;;;5,5;1;17,0;1;280;1;;;13,0;1;280;1;;;;;;;;;;;;;;;;;69;1;;;92;1;;;;;;;14,1;1;;;79;1;120;1;475;1;384;1;;;19;1;;;;;;;;;0;1;0;1;0;1;0;1;0;1;;;;;;;;;;;;;;;1,8;1;1,7;9;;;;;;;;;0;1;;
13054001;19801025;0,0;1;;;11,4;1;;;15,1;1;;;12,9;1;13,25;1;9,9;1;10,3;1;;;3,7;1;13,3;1;1008,7;1;;;13,5;1;30,0;1;340;1;;;24,0;1;320;1;;;;;;;;;;;;;;;;;45;1;;;71;1;;;;;;;8,6;1;;;58;1;534;1;1021;1;435;1;;;85;1;;;;;;;;;0;1;0;1;0;1;0;1;0;1;;;;;;;;;;;;;;;3,9;1;4,0;9;;;;;;;;;0;1;;
13054001;19801026;0,0;1;;;10,3;1;;;17,4;1;;;12,6;1;13,85;1;8,7;1;9,1;1;;;7,1;1;13,9;1;1018,8;1;;;8,4;1;23,0;1;340;1;;;17,0;1;340;1;;;;;;;;;;;;;;;;;41;1;;;79;1;;;;;;;9,0;1;;;60;1;582;1;1301;1;198;1;;;93;1;;;;;;;;;0;1;0;1;0;1;0;1;0;1;;;;;;;;;;;;;;;3,5;1;3,6;9;;;;;;;;;0;1;;
13054001;19801027;0,0;1;;;5,0;1;;;20,9;1;;;11,1;1;12,95;1;1,0;1;2,1;1;;;15,9;1;13,0;1;1024,6;1;;;1,0;1;4,0;1;140;1;;;4,0;1;240;1;;;;;;;;;;;;;;;;;27;1;;;82;1;;;;;;;6,9;1;;;58;1;588;1;1253;1;203;1;;;94;1;;;;;;;;;0;1;0;1;0;1;0;1;0;1;;;;;;;;;;;;;;;1,5;1;1,7;9;;;;;;;;;0;1;;
13054001;19801028;0,0;1;;;5,3;1;;;20,3;1;;;12,6;1;12,80;1;1,0;1;2,7;1;;;15,0;1;12,8;1;1025,5;1;;;1,4;1;6,0;1;260;1;;;5,0;1;260;1;;;;;;;;;;;;;;;;;37;1;;;87;1;;;;;;;8,3;1;;;68;1;552;1;1172;1;266;1;;;89;1;;;;;;;;;0;1;0;1;0;1;0;1;0;1;;;;;;;;;;;;;;;1,6;1;1,5;9;;;;;;;;;0;1;;
13054001;19801029;0,0;1;;;12,7;1;;;20,2;1;;;16,1;1;16,45;1;7,3;1;9,5;1;;;7,5;1;16,5;1;1021,1;1;;;3,5;1;15,0;1;320;1;;;10,0;1;320;1;;;;;;;;;;;;;;;;;50;1;;;90;1;;;;;;;12,5;1;;;70;1;378;1;1025;1;368;1;;;61;1;;;;;;;;;0;1;0;1;0;1;0;1;0;1;;;;;;;;;;;;;;;2,1;1;2,0;9;;;;;;;;;0;1;;
13054001;19801030;0,0;1;;;13,2;1;;;17,8;1;;;15,0;1;15,50;1;10,7;1;11,8;1;;;4,6;1;15,5;1;1017,5;1;;;6,5;1;15,0;1;320;1;;;12,0;1;320;1;;;;;;;;;;;;;;;;;41;1;;;73;1;;;;;;;9,7;1;;;56;1;558;1;1220;1;201;1;;;91;1;;;;;;;;;0;1;0;1;0;1;0;1;0;1;;;;;;;;;;;;;;;3,3;1;3,5;9;;;;;;;;;0;1;;
13054001;19801031;0,0;1;;;6,8;1;;;18,9;1;;;12,7;1;12,85;1;3,1;1;4,5;1;;;12,1;1;12,9;1;1020,6;1;;;1,4;1;6,0;1;200;1;;;5,0;1;200;1;;;;;;;;;;;;;;;;;63;1;;;88;1;;;;;;;11,2;1;;;78;1;384;1;920;1;431;1;;;62;1;;;;;;;;;0;1;0;1;0;1;0;1;0;1;;;;;;;;;;;;;;;1,2;1;1,4;9;;;;;;;;;0;1;;
13054001;19801101;0,0;1;;;13,2;1;;;17,2;1;;;14,6;1;15,20;1;10,4;1;11,4;1;;;4,0;1;15,2;1;1020,9;1;;;0,9;1;3,0;1;140;1;;;2,0;1;140;1;;;;;;;;;;;;;;;;;67;1;;;90;1;;;;;;;13,4;1;;;80;1;0;1;369;1;351;1;;;0;1;;;;;;;;;0;1;0;1;0;1;0;1;0;1;;;;;;;;;;;;;;;0,9;1;0,9;9;;;;;;;;;0;1;;
13054001;19801102;1,6;1;;;12,4;1;;;16,3;1;;;13,8;1;14,35;1;8,5;1;10,0;1;;;3,9;1;14,4;1;1015,8;1;;;2,9;1;8,0;1;140;1;;;6,0;1;160;1;;;;;;;;;;;;;;;;;57;1;;;82;1;;;;;;;11,2;1;;;68;1;6;1;456;1;420;1;;;0;1;;;;;;;;;0;1;0;1;0;1;0;1;0;1;;;;;;;;;;;;;;;1,6;1;1,5;9;;;;;;;;;0;1;;
13054001;19801103;7,4;1;;;5,5;1;;;8,0;1;;;7,7;1;6,75;1;3,2;1;3,7;1;;;2,5;1;6,8;1;1012,5;1;;;6,0;1;13,0;1;60;1;;;10,0;1;60;1;;;;;;;;;;;;;;;;;69;1;;;87;1;;;;;;;7,6;1;;;79;1;0;1;105;1;93;1;;;0;1;;;;;;;;;0;1;0;1;0;1;0;1;0;1;;;;;;;;;;;;;;;1,2;1;1,1;9;;;;;;;;;0;1;;
13054001;19801104;1,9;1;;;4,1;1;;;5,9;1;;;4,9;1;5,00;1;2,4;1;2,6;1;;;1,8;1;5,0;1;1012,2;1;;;3,6;1;7,0;1;360;1;;;6,0;1;360;1;;;;;;;;;;;;;;;;;71;1;;;82;1;;;;;;;6,7;1;;;76;1;0;1;166;1;152;1;;;0;1;;;;;;;;;0;1;0;1;0;1;0;1;0;1;;;;;;;;;;;;;;;1,0;1;1,0;9;;;;;;;;;0;1;;
13054001;19801105;19,8;1;;;4,2;1;;;9,9;1;;;6,3;1;7,05;1;2,2;1;2,8;1;;;5,7;1;7,1;1;1006,1;1;;;4,3;1;12,0;1;300;1;;;11,0;1;300;1;;;;;;;;;;;;;;;;;77;1;;;90;1;;;;;;;8,4;1;;;82;1;30;1;387;1;339;1;;;5;1;;;;;;;;;0;1;0;1;0;1;0;1;0;1;;;;;;;;;;;;;;;0,9;1;0,9;9;;;;;;;;;0;1;;
13054001;19801106;0,0;1;;;3,1;1;;;9,9;1;;;4,9;1;6,50;1;2,0;1;2,1;1;;;6,8;1;6,5;1;1008,4;1;;;6,6;1;14,0;1;300;1;;;12,0;1;300;1;;;;;;;;;;;;;;;;;51;1;;;87;1;;;;;;;6,4;1;;;68;1;420;1;903;1;409;1;;;70;1;;;;;;;;;0;1;0;1;0;1;0;1;0;1;;;;;;;;;;;;;;;1,8;1;1,6;9;;;;;;;;;0;1;;
13054001;19801107;0,0;1;;;3,8;1;;;17,3;1;;;11,7;1;10,55;1;-0,2;1;1,2;1;;;13,5;1;10,6;1;1011,4;1;;;4,8;1;13,0;1;80;1;;;10,0;1;80;1;;;;;;;;;;;;;;;;;53;1;;;82;1;;;;;;;8,5;1;;;70;1;348;1;789;1;462;1;;;58;1;;;;;;;;;0;1;0;1;0;1;0;1;0;1;;;;;;;;;;;;;;;2,1;1;1,8;9;;;;;;;;;0;1;;
13054001;19801108;0,8;1;;;9,9;1;;;19,8;1;;;14,2;1;14,85;1;5,3;1;6,9;1;;;9,9;1;14,9;1;1012,3;1;;;6,4;1;17,0;1;80;1;;;11,0;1;80;1;;;;;;;;;;;;;;;;;57;1;;;84;1;;;;;;;11,7;1;;;72;1;126;1;627;1;508;1;;;21;1;;;;;;;;;0;1;0;1;0;1;0;1;0;1;;;;;;;;;;;;;;;2,5;1;2,2;9;;;;;;;;;0;1;;
13054001;19801109;11,0;1;;;12,7;1;;;14,7;1;;;13,8;1;13,70;1;11,0;1;11,4;1;;;2,0;1;13,7;1;1001,4;1;;;7,0;1;19,0;1;80;1;;;15,0;1;80;1;;;;;;;;;;;;;;;;;64;1;;;92;1;;;;;;;12,1;1;;;82;1;0;1;195;1;186;1;;;0;1;;;;;;;;;0;1;0;1;0;1;0;1;0;1;;;;;;;;;;;;;;;1,7;1;1,6;9;;;;;;;;;0;1;;
13054001;19801110;0,0;1;;;8,0;1;;;12,7;1;;;10,2;1;10,35;1;6,1;1;7,0;1;;;4,7;1;10,4;1;1004,3;1;;;10,3;1;27,0;1;320;1;;;20,0;1;320;1;;;;;;;;;;;;;;;;;51;1;;;87;1;;;;;;;8,4;1;;;66;1;486;1;971;1;258;1;;;83;1;;;;;;;;;0;1;0;1;0;1;0;1;0;1;;;;;;;;;;;;;;;2,4;1;2,3;9;;;;;;;;;0;1;;
13054001;19801111;0,0;1;;;1,4;1;;;12,2;1;;;6,6;1;6,80;1;-1,2;1;0,2;1;;;10,8;1;6,8;1;1008,9;1;;;3,3;1;12,0;1;320;1;;;10,0;1;320;1;;;;;;;;;;;;;;;;;49;1;;;85;1;;;;;;;6,4;1;;;71;1;372;1;917;1;311;1;;;63;1;;;;;;;;;0;1;0;1;0;1;0;1;0;1;;;;;;;;;;;;;;;1,4;1;1,4;9;;;;;;;;;0;1;;
13054001;19801112;1,4;1;;;6,6;1;;;13,8;1;;;10,6;1;10,20;1;2,5;1;3,7;1;;;7,2;1;10,2;1;1004,2;1;;;5,0;1;13,0;1;120;1;;;11,0;1;360;1;;;;;;;;;;;;;;;;;61;1;;;90;1;;;;;;;9,2;1;;;77;1;0;1;163;1;150;1;;;0;1;;;;;;;;;0;1;0;1;0;1;0;1;0;1;;;;;;;;;;;;;;;1,5;1;1,5;9;;;;;;;;;0;1;;
13054001;19801113;0,0;1;;;4,0;1;;;10,1;1;;;6,3;1;7,05;1;1,9;1;2,3;1;;;6,1;1;7,1;1;1010,6;1;;;7,6;1;16,0;1;360;1;;;13,0;1;340;1;;;;;;;;;;;;;;;;;45;1;;;80;1;;;;;;;6,0;1;;;59;1;522;1;978;1;198;1;;;90;1;;;;;;;;;0;1;0;1;0;1;0;1;0;1;;;;;;;;;;;;;;;2,1;1;2,1;9;;;;;;;;;0;1;;
13054001;19801114;0,0;1;;;1,5;1;;;12,8;1;;;6,4;1;7,15;1;-2,4;1;-1,8;1;;;11,3;1;7,2;1;1020,2;1;;;4,4;1;8,0;1;360;1;;;7,0;1;360;1;;;;;;;;;;;;;;;;;47;1;;;81;1;;;;;;;6,2;1;;;65;1;510;1;963;1;212;1;;;88;1;;;;;;;;;0;1;0;1;0;1;0;1;0;1;;;;;;;;;;;;;;;1,7;1;1,7;9;;;;;;;;;0;1;;
13054001;19801115;0,0;1;;;1,0;1;;;15,7;1;;;8,1;1;8,35;1;-2,4;1;-1,5;1;;;14,7;1;8,4;1;1023,5;1;;;1,8;1;6,0;1;100;1;;;5,0;1;100;1;;;;;;;;;;;;;;;;;53;1;;;87;1;;;;;;;7,6;1;;;75;1;510;1;928;1;261;1;;;89;1;;;;;;;;;0;1;0;1;0;1;0;1;0;1;;;;;;;;;;;;;;;1,0;1;1,1;9;;;;;;;;;0;1;;
13054001;19801116;0,0;1;;;7,9;1;;;16,7;1;;;13,8;1;12,30;1;2,0;1;4,9;1;;;8,8;1;12,3;1;1023,9;1;;;5,0;1;12,0;1;160;1;;;10,0;1;160;1;;;;;;;;;;;;;;;;;60;1;;;84;1;;;;;;;10,2;1;;;73;1;336;1;644;1;441;1;;;58;1;;;;;;;;;0;1;0;1;0;1;0;1;0;1;;;;;;;;;;;;;;;1,8;1;1,7;9;;;;;;;;;0;1;;
13054001;19801117;0,0;1;;;6,9;1;;;16,1;1;;;11,8;1;11,50;1;3,4;1;3,8;1;;;9,2;1;11,5;1;1023,0;1;;;3,3;1;9,0;1;100;1;;;7,0;1;100;1;;;;;;;;;;;;;;;;;60;1;;;90;1;;;;;;;10,0;1;;;77;1;96;1;477;1;411;1;;;16;1;;;;;;;;;0;1;0;1;0;1;0;1;0;1;;;;;;;;;;;;;;;1,4;1;1,3;9;;;;;;;;;0;1;;
13054001;19801118;0,4;1;;;12,8;1;;;15,9;1;;;14,1;1;14,35;1;10,0;1;10,5;1;;;3,1;1;14,4;1;1020,4;1;;;5,9;1;13,0;1;340;1;;;11,0;1;300;1;;;;;;;;;;;;;;;;;49;1;;;90;1;;;;;;;11,1;1;;;74;1;198;1;435;1;238;1;;;34;1;;;;;;;;;0;1;0;1;0;1;0;1;0;1;;;;;;;;;;;;;;;2,1;1;2,2;9;;;;;;;;;0;1;;
13054001;19801119;0,0;1;;;10,3;1;;;16,3;1;;;12,6;1;13,30;1;7,6;1;8,0;1;;;6,0;1;13,3;1;1023,1;1;;;8,3;1;23,0;1;340;1;;;19,0;1;340;1;;;;;;;;;;;;;;;;;46;1;;;84;1;;;;;;;9,5;1;;;61;1;516;1;892;1;191;1;;;91;1;;;;;;;;;0;1;0;1;0;1;0;1;0;1;;;;;;;;;;;;;;;2,7;1;2,8;9;;;;;;;;;0;1;;
13054001;19801120;0,0;1;;;5,0;1;;;19,2;1;;;11,6;1;12,10;1;1,0;1;2,2;1;;;14,2;1;12,1;1;1026,3;1;;;2,6;1;10,0;1;160;1;;;8,0;1;160;1;;;;;;;;;;;;;;;;;52;1;;;86;1;;;;;;;9,5;1;;;72;1;522;1;865;1;168;1;;;92;1;;;;;;;;;0;1;0;1;0;1;0;1;0;1;;;;;;;;;;;;;;;1,4;1;1,7;9;;;;;;;;;0;1;;
13054001;19801121;0,0;1;;;6,3;1;;;18,1;1;;;10,9;1;12,20;1;1,0;1;1,5;1;;;11,8;1;12,2;1;1028,3;1;;;1,5;1;5,0;1;60;1;;;4,0;1;100;1;;;;;;;;;;;;;;;;;50;1;;;90;1;;;;;;;9,5;1;;;79;1;324;1;662;1;390;1;;;57;1;;;;;;;;;0;1;0;1;0;1;0;1;0;1;;;;;;;;;;;;;;;1,0;1;1,2;9;;;;;;;;;0;1;;
13054001;19801122;0,0;1;;;4,9;1;;;17,8;1;;;10,0;1;11,35;1;1,0;1;2,1;1;;;12,9;1;11,4;1;1030,4;1;;;1,1;1;4,0;1;260;1;;;3,0;1;240;1;;;;;;;;;;;;;;;;;58;1;;;92;1;;;;;;;9,9;1;;;82;1;252;1;647;1;404;1;;;45;1;;;;;;;;;0;1;0;1;0;1;0;1;0;1;;;;;;;;;;;;;;;0,8;1;0,9;9;;;;;;;;;0;1;;
13054001;19801123;0,0;1;;;4,6;1;;;16,1;1;;;9,6;1;10,35;1;0,2;1;2,0;1;;;11,5;1;10,4;1;1032,5;1;;;0,5;1;5,0;1;80;1;;;4,0;1;80;1;;;;;;;;;;;;;;;;;57;1;;;89;1;;;;;;;9,0;1;;;80;1;468;1;794;1;227;1;;;84;1;;;;;;;;;0;1;0;1;0;1;0;1;0;1;;;;;;;;;;;;;;;0,5;1;0,6;9;;;;;;;;;0;1;;
13054001;19801124;0,0;1;;;6,4;1;;;14,6;1;;;11,0;1;10,50;1;3,6;1;5,0;1;;;8,2;1;10,5;1;1028,8;1;;;1,4;1;5,0;1;80;1;;;4,0;1;80;1;;;;;;;;;;;;;;;;;67;1;;;92;1;;;;;;;10,0;1;;;;;0;1;257;1;239;1;;;0;1;;;;;;;;;0;1;1;1;0;1;0;1;0;1;;;;;;;;;;;;;;;0,8;1;0,8;9;;;;;;;;;0;1;;
13054001;19801125;0,0;1;;;12,0;1;;;16,5;1;;;14,1;1;14,25;1;9,4;1;9,8;1;;;4,5;1;14,3;1;1020,6;1;;;2,6;1;7,0;1;140;1;;;6,0;1;140;1;;;;;;;;;;;;;;;;;64;1;;;81;1;;;;;;;11,7;1;;;73;1;174;1;494;1;374;1;;;31;1;;;;;;;;;0;1;0;1;0;1;0;1;0;1;;;;;;;;;;;;;;;1,2;1;1,2;9;;;;;;;;;0;1;;
13054001;19801126;0,8;1;;;9,0;1;;;13,2;1;;;11,8;1;11,10;1;7,0;1;7,8;1;;;4,2;1;11,1;1;1008,4;1;;;5,3;1;19,0;1;320;1;;;14,0;1;320;1;;;;;;;;;;;;;;;;;64;1;;;88;1;;;;;;;9,9;1;;;75;1;0;1;240;1;227;1;;;0;1;;;;;;;;;0;1;0;1;0;1;0;1;0;1;;;;;;;;;;;;;;;1,5;1;1,5;9;;;;;;;;;0;1;;
13054001;19801127;0,0;1;;;6,4;1;;;8,2;1;;;7,4;1;7,30;1;5,8;1;6,3;1;;;1,8;1;7,3;1;1001,6;1;;;15,8;1;33,0;1;340;1;;;22,0;1;340;1;;;;;;;;;;;;;;;;;51;1;;;72;1;;;;;;;6,2;1;;;59;1;0;1;280;1;263;1;;;0;1;;;;;;;;;0;1;0;1;0;1;0;1;0;1;;;;;;;;;;;;;;;2,7;1;2,7;9;;;;;;;;;0;1;;
13054001;19801128;0,0;1;;;4,9;1;;;11,0;1;;;7,4;1;7,95;1;2,8;1;4,0;1;;;6,1;1;8,0;1;1006,6;1;;;11,5;1;27,0;1;320;1;;;20,0;1;320;1;;;;;;;;;;;;;;;;;40;1;;;68;1;;;;;;;5,6;1;;;54;1;468;1;819;1;189;1;;;85;1;;;;;;;;;0;1;0;1;0;1;0;1;0;1;;;;;;;;;;;;;;;3,0;1;3,0;9;;;;;;;;;0;1;;
13054001;19801129;0,0;1;;;2,8;1;;;6,7;1;;;4,2;1;4,75;1;0,8;1;1,6;1;;;3,9;1;4,8;1;1009,2;1;;;13,8;1;28,0;1;340;1;;;22,0;1;320;1;;;;;;;;;;;;;;;;;46;1;;;68;1;;;;;;;4,8;1;;;56;1;312;1;647;1;378;1;;;57;1;;;;;;;;;0;1;0;1;0;1;0;1;0;1;;;;;;;;;;;;;;;2,4;1;2,6;9;;;;;;;;;0;1;;
13054001;19801130;0,0;1;;;2,2;1;;;6,9;1;;;3,6;1;4,55;1;-0,2;1;0,7;1;;;4,7;1;4,6;1;1010,9;1;;;10,0;1;27,0;1;340;1;;;20,0;1;340;1;;;;;;;;;;;;;;;;;45;1;;;67;1;;;;;;;4,6;1;;;56;1;222;1;565;1;334;1;;;40;1;;;;;;;;;0;1;0;1;0;1;0;1;0;1;;;;;;;;;;;;;;;2,2;1;2,3;9;;;;;;;;;0;1;;
13054001;19801201;0,0;1;;;0,3;1;;;4,6;1;;;1,7;1;2,45;1;-2,2;1;-1,0;1;;;4,3;1;2,5;1;1018,5;1;;;5,0;1;11,0;1;340;1;;;8,0;1;340;1;;;;;;;;;;;;;;;;;45;1;;;65;1;;;;;;;3,9;1;;;56;1;372;1;681;1;260;1;;;68;1;;;;;;;;;0;1;0;1;0;1;0;1;0;1;;;;;;;;;;;;;;;1,4;1;1,7;9;;;;;;;;;0;1;;
13054001;19801202;0,0;1;;;-2,8;1;;;2,0;1;;;-0,6;1;-0,40;1;-5,0;1;-4,0;1;;;4,8;1;-0,4;1;1017,2;1;;;6,3;1;13,0;1;300;1;;;10,0;1;300;1;;;;;;;;;;;;;;;;;35;1;;;56;1;;;;;;;2,6;1;;;48;1;342;1;709;1;326;1;;;63;1;;;;;;;;;0;1;0;1;0;1;0;1;0;1;;;;;;;;;;;;;;;1,7;1;1,7;9;;;;;;;;;0;1;;
13054001;19801203;0,0;1;;;0,1;1;;;6,5;1;;;3,5;1;3,30;1;-1,9;1;-1,1;1;;;6,4;1;3,3;1;1007,3;1;;;12,0;1;34,0;1;320;1;;;26,0;1;320;1;;;;;;;;;;;;;;;;;50;1;;;80;1;;;;;;;4,9;1;;;63;1;378;1;716;1;248;1;;;69;1;;;;;;;;;;;0;1;0;1;0;1;0;1;;;;;;;;;;;;;;;1,9;1;1,8;9;;;;;;;;;0;1;;
13054001;19801204;0,0;1;;;3,3;1;;;6,6;1;;;4,2;1;4,95;1;1,4;1;2,2;1;;;3,3;1;5,0;1;1010,4;1;;;14,1;1;31,0;1;320;1;;;21,0;1;320;1;;;;;;;;;;;;;;;;;48;1;;;77;1;;;;;;;5,3;1;;;60;1;258;1;555;1;257;1;;;47;1;;;;;;;;;0;1;0;1;0;1;0;1;0;1;;;;;;;;;;;;;;;2,2;1;2,1;9;;;;;;;;;0;1;;
13054001;19801205;0,0;1;;;2,6;1;;;9,6;1;;;5,4;1;6,10;1;0,1;1;1,0;1;;;7,0;1;6,1;1;1012,7;1;;;9,9;1;27,0;1;320;1;;;22,0;1;320;1;;;;;;;;;;;;;;;;;45;1;;;78;1;;;;;;;5,6;1;;;62;1;456;1;751;1;178;1;;;84;1;;;;;;;;;0;1;0;1;0;1;0;1;0;1;;;;;;;;;;;;;;;2,2;1;2,2;9;;;;;;;;;0;1;;
13054001;19801206;0,0;1;;;3,2;1;;;12,6;1;;;8,6;1;7,90;1;-0,8;1;0,9;1;;;9,4;1;7,9;1;1007,7;1;;;8,8;1;21,0;1;280;1;;;17,0;1;280;1;;;;;;;;;;;;;;;;;60;1;;;79;1;;;;;;;7,4;1;;;70;1;318;1;668;1;194;1;;;59;1;;;;;;;;;0;1;0;1;0;1;0;1;0;1;;;;;;;;;;;;;;;1,9;1;2,0;9;;;;;;;;;0;1;;
13054001;19801207;0,0;1;;;3,3;1;;;6,1;1;;;4,7;1;4,70;1;1,0;1;2,0;1;;;2,8;1;4,7;1;1013,2;1;;;10,1;1;25,0;1;320;1;;;21,0;1;320;1;;;;;;;;;;;;;;;;;44;1;;;74;1;;;;;;;4,9;1;;;58;1;480;1;780;1;171;1;;;89;1;;;;;;;;;0;1;0;1;0;1;0;1;0;1;;;;;;;;;;;;;;;2,0;1;2,1;9;;;;;;;;;0;1;;
13054001;19801208;0,0;1;;;1,0;1;;;5,3;1;;;2,0;1;3,15;1;-3,8;1;-2,0;1;;;4,3;1;3,2;1;1027,7;1;;;7,0;1;17,0;1;320;1;;;13,0;1;320;1;;;;;;;;;;;;;;;;;47;1;;;73;1;;;;;;;4,5;1;;;60;1;480;1;770;1;165;1;;;89;1;;;;;;;;;0;1;0;1;0;1;0;1;0;1;;;;;;;;;;;;;;;1,6;1;1,6;9;;;;;;;;;0;1;;
13054001;19801209;0,0;1;;;-4,7;1;;;8,4;1;;;0,9;1;1,85;1;-9,0;1;-7,6;1;;;13,1;1;1,9;1;1039,3;1;;;1,4;1;4,0;1;260;1;;;3,0;1;260;1;;;;;;;;;;;;;;;;;44;1;;;82;1;;;;;;;4,2;1;;;62;1;480;1;717;1;230;1;;;90;1;;;;;;;;;0;1;0;1;0;1;0;1;0;1;;;;;;;;;;;;;;;0,6;1;0,7;9;;;;;;;;;0;1;;
13054001;19801210;0,0;1;;;-2,9;1;;;9,6;1;;;2,1;1;3,35;1;-8,0;1;-6,0;1;;;12,5;1;3,4;1;1041,1;1;;;0,8;1;4,0;1;260;1;;;4,0;1;260;1;;;;;;;;;;;;;;;;;57;1;;;86;1;;;;;;;5,5;1;;;74;1;246;1;545;1;371;1;;;46;1;;;;;;;;;0;1;0;1;0;1;0;1;0;1;;;;;;;;;;;;;;;0,4;1;0,5;9;;;;;;;;;0;1;;
13054001;19801211;0,0;1;;;3,3;1;;;13,3;1;;;6,8;1;8,30;1;-1,0;1;0,7;1;;;10,0;1;8,3;1;1034,5;1;;;3,0;1;8,0;1;180;1;;;6,0;1;180;1;;;;;;;;;;;;;;;;;55;1;;;85;1;;;;;;;7,5;1;;;75;1;240;1;569;1;354;1;;;45;1;;;;;;;;;0;1;0;1;0;1;0;1;0;1;;;;;;;;;;;;;;;1,1;1;0,9;9;;;;;;;;;0;1;;
13054001;19801212;0,0;1;;;1,3;1;;;7,3;1;;;3,1;1;4,30;1;-3,0;1;-1,4;1;;;6,0;1;4,3;1;1030,1;1;;;1,5;1;4,0;1;300;1;;;3,0;1;300;1;;;;;;;;;;;;;;;;;63;1;;;89;1;;;;;;;6,2;1;;;;;240;1;552;1;337;1;;;45;1;;;;;;;;;0;1;1;1;0;1;0;1;0;1;;;;;;;;;;;;;;;0,5;1;0,6;9;;;;;;;;;0;1;;
13054001;19801213;0,0;1;;;-2,3;1;;;7,6;1;;;1,8;1;2,65;1;-7,2;1;-5,2;1;;;9,9;1;2,7;1;1029,0;1;;;1,6;1;5,0;1;340;1;;;3,0;1;360;1;;;;;;;;;;;;;;;;;71;1;;;88;1;;;;;;;6,0;1;;;;;60;1;442;1;378;1;;;11;1;;;;;;;;;0;1;1;1;0;1;0;1;0;1;;;;;;;;;;;;;;;0,5;1;0,5;9;;;;;;;;;0;1;;
13054001;19801214;0,0;1;;;-0,6;1;;;9,4;1;;;3,2;1;4,40;1;-4,1;1;-2,6;1;;;10,0;1;4,4;1;1025,6;1;;;1,3;1;5,0;1;40;1;;;2,0;1;200;1;;;;;;;;;;;;;;;;;70;1;;;90;1;;;;;;;6,8;1;;;;;12;1;388;1;343;1;;;2;1;;;;;;;;;0;1;1;1;0;1;0;1;0;1;;;;;;;;;;;;;;;0,5;1;0,7;9;;;;;;;;;0;1;;
13054001;19801215;0,0;1;;;2,5;1;;;13,0;1;;;7,7;1;7,75;1;-0,3;1;0,6;1;;;10,5;1;7,8;1;1017,4;1;;;3,5;1;13,0;1;300;1;;;11,0;1;300;1;;;;;;;;;;;;;;;;;66;1;;;88;1;;;;;;;8,2;1;;;79;1;18;1;291;1;255;1;;;3;1;;;;;;;;;0;1;0;1;0;1;0;1;0;1;;;;;;;;;;;;;;;1,1;1;1,2;9;;;;;;;;;0;1;;
13054001;19801216;0,0;1;;;4,4;1;;;10,0;1;;;7,3;1;7,20;1;0,2;1;1,3;1;;;5,6;1;7,2;1;1019,1;1;;;8,4;1;20,0;1;320;1;;;15,0;1;320;1;;;;;;;;;;;;;;;;;48;1;;;77;1;;;;;;;6,2;1;;;61;1;372;1;600;1;206;1;;;70;1;;;;;;;;;0;1;0;1;0;1;0;1;0;1;;;;;;;;;;;;;;;2,1;1;2,3;9;;;;;;;;;0;1;;
13054001;19801217;0,0;1;;;-1,1;1;;;10,5;1;;;3,8;1;4,70;1;-5,0;1;-3,9;1;;;11,6;1;4,7;1;1026,3;1;;;2,4;1;6,0;1;340;1;;;5,0;1;360;1;;;;;;;;;;;;;;;;;45;1;;;79;1;;;;;;;5,1;1;;;69;1;450;1;681;1;188;1;;;85;1;;;;;;;;;0;1;0;1;0;1;0;1;0;1;;;;;;;;;;;;;;;1,0;1;1,2;9;;;;;;;;;0;1;;
13054001;19801218;0,6;1;;;-1,0;1;;;8,5;1;;;3,5;1;3,75;1;-5,0;1;-3,3;1;;;9,5;1;3,8;1;1018,8;1;;;4,0;1;12,0;1;320;1;;;10,0;1;320;1;;;;;;;;;;;;;;;;;51;1;;;88;1;;;;;;;5,3;1;;;71;1;384;1;650;1;203;1;;;72;1;;;;;;;;;0;1;0;1;0;1;0;1;0;1;;;;;;;;;;;;;;;1,1;1;1,2;9;;;;;;;;;0;1;;
13054001;19801219;0,0;1;;;2,6;1;;;7,3;1;;;4,6;1;4,95;1;-2,1;1;-0,8;1;;;4,7;1;5,0;1;1004,2;1;;;6,3;1;18,0;1;340;1;;;13,0;1;340;1;;;;;;;;;;;;;;;;;48;1;;;75;1;;;;;;;5,2;1;;;61;1;444;1;731;1;136;1;;;84;1;;;;;;;;;0;1;0;1;0;1;0;1;0;1;;;;;;;;;;;;;;;1,6;1;1,8;9;;;;;;;;;0;1;;
13054001;19801220;0,4;1;;;-0,8;1;;;8,2;1;;;4,2;1;3,70;1;-4,6;1;-3,1;1;;;9,0;1;3,7;1;998,2;1;;;1,8;1;7,0;1;260;1;;;4,0;1;120;1;;;;;;;;;;;;;;;;;51;1;;;86;1;;;;;;;5,3;1;;;72;1;102;1;331;1;272;1;;;19;1;;;;;;;;;0;1;0;1;0;1;0;1;0;1;;;;;;;;;;;;;;;0,8;1;1,0;9;;;;;;;;;0;1;;
13054001;19801221;0,0;1;;;4,8;1;;;11,1;1;;;7,9;1;7,95;1;-0,4;1;1,1;1;;;6,3;1;8,0;1;1004,1;1;;;8,0;1;19,0;1;320;1;;;15,0;1;340;1;;;;;;;;;;;;;;;;;45;1;;;78;1;;;;;;;6,3;1;;;60;1;480;1;711;1;181;1;;;91;1;;;;;;;;;0;1;0;1;0;1;0;1;0;1;;;;;;;;;;;;;;;2,1;1;2,3;9;;;;;;;;;0;1;;
13054001;19801222;0,0;1;;;6,8;1;;;10,3;1;;;8,3;1;8,55;1;4,2;1;5,0;1;;;3,5;1;8,6;1;1020,1;1;;;12,0;1;21,0;1;320;1;;;17,0;1;320;1;;;;;;;;;;;;;;;;;40;1;;;62;1;;;;;;;5,6;1;;;53;1;480;1;706;1;157;1;;;91;1;;;;;;;;;0;1;0;1;0;1;0;1;0;1;;;;;;;;;;;;;;;3,1;1;3,1;9;;;;;;;;;0;1;;
13054001;19801223;0,0;1;;;4,8;1;;;14,1;1;;;9,8;1;9,45;1;1,0;1;2,2;1;;;9,3;1;9,5;1;1024,8;1;;;7,8;1;18,0;1;340;1;;;13,0;1;340;1;;;;;;;;;;;;;;;;;50;1;;;75;1;;;;;;;7,2;1;;;65;1;222;1;507;1;352;1;;;42;1;;;;;;;;;0;1;0;1;0;1;0;1;0;1;;;;;;;;;;;;;;;2,4;1;2,4;9;;;;;;;;;0;1;;
13054001;19801224;0,0;1;;;1,9;1;;;15,4;1;;;6,8;1;8,65;1;-2,0;1;-0,8;1;;;13,5;1;8,7;1;1026,4;1;;;1,3;1;4,0;1;160;1;;;3,0;1;200;1;;;;;;;;;;;;;;;;;38;1;;;88;1;;;;;;;6,4;1;;;71;1;486;1;693;1;171;1;;;92;1;;;;;;;;;0;1;0;1;0;1;0;1;0;1;;;;;;;;;;;;;;;0,8;1;1,0;9;;;;;;;;;0;1;;
13054001;19801225;0,0;1;;;2,0;1;;;10,5;1;;;5,6;1;6,25;1;-1,8;1;-0,6;1;;;8,5;1;6,3;1;1024,0;1;;;2,3;1;16,0;1;300;1;;;12,0;1;320;1;;;;;;;;;;;;;;;;;60;1;;;91;1;;;;;;;7,0;1;;;;;66;1;393;1;355;1;;;12;1;;;;;;;;;0;1;1;1;0;1;0;1;0;1;;;;;;;;;;;;;;;0,8;1;0,9;9;;;;;;;;;0;1;;
13054001;19801226;0,0;1;;;6,6;1;;;10,3;1;;;8,6;1;8,45;1;3,2;1;3,8;1;;;3,7;1;8,5;1;1022,4;1;;;11,6;1;23,0;1;320;1;;;18,0;1;320;1;;;;;;;;;;;;;;;;;36;1;;;68;1;;;;;;;5,6;1;;;52;1;432;1;686;1;153;1;;;81;1;;;;;;;;;0;1;0;1;0;1;0;1;0;1;;;;;;;;;;;;;;;3,1;1;3,0;9;;;;;;;;;0;1;;
13054001;19801227;5,6;1;;;1,6;1;;;4,5;1;;;3,7;1;3,05;1;-0,6;1;0,0;1;;;2,9;1;3,1;1;1012,7;1;;;7,6;1;21,0;1;60;1;;;17,0;1;80;1;;;;;;;;;;;;;;;;;49;1;;;82;1;;;;;;;4,9;1;;;69;1;0;1;95;1;89;1;;;0;1;;;;;;;;;1;1;0;1;0;1;0;1;0;1;;;;;;;;;;;;;;;1,6;1;1,4;9;;;;;;;;;0;1;;
13054001;19801228;0,0;1;;;1,0;1;;;7,2;1;;;3,0;1;4,10;1;-2,8;1;-1,3;1;;;6,2;1;4,1;1;1026,4;1;;;2,8;1;7,0;1;20;1;;;6,0;1;340;1;;;;;;;;;;;;;;;;;46;1;;;80;1;;;;;;;5,0;1;;;65;1;492;1;725;1;172;1;;;93;1;;;;;;;;;0;1;0;1;0;1;0;1;0;1;;;;;;;;;;;;;;;0,9;1;1,2;9;;;;;;;;;0;1;;
13054001;19801229;0,0;1;;;-4,2;1;;;9,6;1;;;1,2;1;2,70;1;-8,2;1;-7,6;1;;;13,8;1;2,7;1;1035,7;1;;;0,9;1;5,0;1;140;1;;;4,0;1;140;1;;;;;;;;;;;;;;;;;35;1;;;85;1;;;;;;;4,0;1;;;64;1;510;1;711;1;200;1;;;96;1;;;;;;;;;0;1;0;1;0;1;0;1;0;1;;;;;;;;;;;;;;;0,5;1;0,8;9;;;;;;;;;0;1;;
13054001;19801230;0,0;1;;;-3,9;1;;;9,8;1;;;1,7;1;2,95;1;-8,2;1;-7,3;1;;;13,7;1;3,0;1;1034,0;1;;;1,8;1;5,0;1;140;1;;;4,0;1;140;1;;;;;;;;;;;;;;;;;35;1;;;78;1;;;;;;;3,9;1;;;63;1;510;1;717;1;177;1;;;96;1;;;;;;;;;0;1;0;1;0;1;0;1;0;1;;;;;;;;;;;;;;;0,9;1;0,8;9;;;;;;;;;0;1;;
13054001;19801231;0,0;1;;;-3,8;1;;;9,7;1;;;1,9;1;2,95;1;-8,0;1;-6,8;1;;;13,5;1;3,0;1;1031,3;1;;;1,6;1;8,0;1;340;1;;;7,0;1;340;1;;;;;;;;;;;;;;;;;42;1;;;80;1;;;;;;;4,4;1;;;65;1;510;1;718;1;195;1;;;96;1;;;;;;;;;0;1;0;1;0;1;0;1;0;1;;;;;;;;;;;;;;;0,7;1;0,9;9;;;;;;;;;0;1;;
